-- phpMyAdmin SQL Dump
-- version 4.8.3
-- https://www.phpmyadmin.net/
--
-- Servidor: 127.0.0.1
-- Tiempo de generación: 09-07-2019 a las 15:21:53
-- Versión del servidor: 10.1.36-MariaDB
-- Versión de PHP: 7.0.32

SET SQL_MODE = "NO_AUTO_VALUE_ON_ZERO";
SET AUTOCOMMIT = 0;
START TRANSACTION;
SET time_zone = "+00:00";


/*!40101 SET @OLD_CHARACTER_SET_CLIENT=@@CHARACTER_SET_CLIENT */;
/*!40101 SET @OLD_CHARACTER_SET_RESULTS=@@CHARACTER_SET_RESULTS */;
/*!40101 SET @OLD_COLLATION_CONNECTION=@@COLLATION_CONNECTION */;
/*!40101 SET NAMES utf8mb4 */;

--
-- Base de datos: `mastercash`
--

-- --------------------------------------------------------

--
-- Estructura de tabla para la tabla `ajustes`
--

CREATE TABLE `ajustes` (
  `idajustes` int(11) NOT NULL
) ENGINE=InnoDB DEFAULT CHARSET=utf8;

-- --------------------------------------------------------

--
-- Estructura de tabla para la tabla `bonos`
--

CREATE TABLE `bonos` (
  `idbonos` int(11) NOT NULL,
  `valorBono` varchar(45) NOT NULL,
  `cantUsers` int(11) NOT NULL
) ENGINE=InnoDB DEFAULT CHARSET=utf8;

--
-- Volcado de datos para la tabla `bonos`
--

INSERT INTO `bonos` (`idbonos`, `valorBono`, `cantUsers`) VALUES
(1, '100', 40);

-- --------------------------------------------------------

--
-- Estructura de tabla para la tabla `cartillas`
--

CREATE TABLE `cartillas` (
  `id` int(11) NOT NULL,
  `id_user` int(11) NOT NULL,
  `id_plan` int(11) NOT NULL,
  `id_padre` int(11) NOT NULL,
  `posicion` int(10) NOT NULL,
  `posicion1` int(10) NOT NULL,
  `posicion2` int(10) NOT NULL,
  `fecha_vencimiento` varchar(50) CHARACTER SET utf8 COLLATE utf8_spanish_ci NOT NULL,
  `estado_cartilla` int(50) NOT NULL,
  `fecha_creacion` varchar(50) CHARACTER SET utf8 COLLATE utf8_spanish_ci NOT NULL
) ENGINE=InnoDB DEFAULT CHARSET=utf8;

--
-- Volcado de datos para la tabla `cartillas`
--

INSERT INTO `cartillas` (`id`, `id_user`, `id_plan`, `id_padre`, `posicion`, `posicion1`, `posicion2`, `fecha_vencimiento`, `estado_cartilla`, `fecha_creacion`) VALUES
(1, 343, 21, 0, 0, 0, 0, '2019-06-6', 1, '2018-10-06'),
(2, 354, 28, 1, 1, 0, 0, '2019-07-6', 1, '2018-10-06'),
(3, 355, 28, 2, 1, 0, 0, '2019-06-13', 1, '2018-10-08'),
(9, 364, 21, 2, 2, 0, 0, '2019-05-01', 1, '2018-10-09'),
(10, 365, 21, 9, 1, 0, 0, '2018-12-11', 1, '2018-11-10'),
(11, 356, 28, 3, 1, 0, 0, '2019-05-9', 1, '2018-10-11'),
(12, 366, 21, 2, 3, 0, 0, '2019-02-12', 1, '2018-10-12'),
(13, 367, 28, 3, 2, 0, 0, '2019-06-10', 1, '2018-10-16'),
(14, 368, 21, 2, 4, 0, 0, '2018-11-18', 1, '2018-10-18'),
(15, 369, 28, 3, 3, 0, 0, '2019-06-12', 1, '2018-11-05'),
(16, 370, 21, 11, 1, 0, 0, '2019-03-5', 1, '2018-11-05'),
(17, 371, 21, 11, 2, 0, 0, '2018-12-5', 1, '2018-11-05'),
(18, 372, 21, 2, 5, 0, 0, '2018-12-14', 1, '2018-10-15'),
(19, 373, 21, 12, 0, 0, 0, '2019-02-7', 1, '2018-11-07'),
(20, 377, 21, 9, 0, 0, 0, '2018-12-7', 1, '2018-11-07'),
(21, 379, 21, 9, 0, 0, 0, '2018-12-7', 1, '2018-11-07'),
(22, 381, 21, 9, 0, 0, 0, '2018-12-7', 1, '2018-11-07'),
(23, 382, 21, 18, 1, 0, 0, '2018-12-12', 1, '2018-11-12'),
(24, 383, 21, 3, 4, 0, 0, '2019-02-14', 1, '14-11-2018'),
(25, 386, 21, 1, 2, 0, 0, '2019-03-15', 1, '2018-11-15'),
(26, 387, 21, 9, 0, 0, 0, '2018-12-21', 1, '2018-11-21'),
(27, 395, 21, 9, 6, 0, 0, '2018-12-21', 1, '2018-11-21'),
(28, 396, 21, 9, 0, 0, 0, '2018-12-28', 1, '2018-11-28'),
(29, 398, 21, 13, 0, 0, 0, '2019-06-15', 1, '2018-11-29'),
(30, 399, 21, 3, 5, 0, 0, '2019-03-10', 1, '2018-12-10'),
(31, 401, 21, 20, 0, 0, 0, '2019-04-18', 1, '2018-12-17'),
(32, 402, 21, 31, 1, 0, 0, '2019-02-17', 1, '2018-12-17'),
(33, 403, 21, 11, 3, 0, 0, '2019-05-5', 1, '2019-01-02'),
(34, 405, 28, 13, 2, 0, 0, '2019-03-26', 1, '2019-02-26'),
(35, 406, 28, 15, 1, 0, 0, '2019-04-15', 1, '2019-03-15'),
(36, 407, 28, 2, 6, 0, 0, '2019-06-22', 1, '1969-08-23'),
(37, 408, 26, 31, 0, 0, 0, '2019-05-2', 1, '2019-04-02'),
(38, 410, 28, 36, 0, 0, 0, '2019-06-23', 1, '2019-04-08'),
(39, 412, 28, 38, 0, 0, 0, '2019-05-20', 1, '2019-04-20'),
(40, 411, 28, 38, 0, 0, 0, '2019-05-20', 1, '2019-04-20'),
(41, 413, 28, 15, 0, 0, 0, '2019-05-15', 1, '2019-04-15'),
(42, 414, 21, 33, 0, 0, 0, '2019-05-15', 1, '2019-04-15'),
(43, 415, 28, 38, 0, 0, 0, '2019-06-26', 1, '2019-04-27'),
(44, 416, 28, 38, 0, 0, 0, '2019-05-26', 1, '2019-04-26'),
(45, 417, 28, 3, 0, 0, 0, '2019-06-15', 1, '2019-05-15'),
(46, 408, 21, 20, 1, 0, 0, '2019-07-20', 1, '2019-06-20'),
(47, 370, 26, 37, 1, 0, 0, '2019-07-7', 1, '2019-06-07'),
(48, 373, 21, 16, 1, 0, 0, '2019-07-7', 1, '2019-06-07'),
(49, 371, 26, 47, 1, 0, 0, '2019-07-7', 1, '2019-06-07'),
(50, 379, 26, 49, 1, 0, 0, '2019-07-7', 1, '2019-06-07'),
(51, 416, 21, 25, 1, 0, 0, '2019-07-6', 1, '2019-06-06'),
(52, 415, 21, 51, 1, 0, 0, '2019-07-7', 1, '2019-06-07'),
(53, 419, 21, 0, 0, 0, 0, '2019-07-7', 1, '2019-06-07'),
(54, 410, 28, 53, 1, 0, 0, '2019-07-7', 1, '2019-06-07'),
(55, 411, 28, 54, 1, 0, 0, '2019-07-7', 1, '2019-06-07'),
(56, 412, 28, 55, 1, 0, 0, '2019-07-7', 1, '2019-06-07'),
(57, 413, 28, 56, 1, 0, 0, '2019-07-7', 1, '2019-06-07'),
(58, 414, 28, 57, 1, 0, 0, '2019-07-7', 1, '2019-06-07'),
(59, 403, 28, 58, 1, 0, 0, '2019-07-7', 1, '2019-06-07'),
(60, 379, 28, 59, 1, 0, 0, '2019-07-7', 1, '2019-06-07'),
(61, 416, 28, 45, 1, 0, 0, '2019-07-12', 1, '2019-06-12'),
(62, 416, 28, 45, 2, 0, 0, '2019-07-12', 1, '2019-06-12'),
(63, 412, 28, 45, 3, 0, 0, '2019-07-12', 1, '2019-06-12'),
(64, 416, 28, 45, 4, 0, 0, '2019-07-12', 1, '2019-06-12'),
(65, 416, 28, 45, 4, 0, 0, '2019-07-12', 1, '2019-06-12'),
(66, 416, 28, 45, 4, 0, 0, '2019-07-12', 1, '2019-06-12'),
(67, 416, 28, 45, 4, 0, 0, '2019-07-12', 1, '2019-06-12'),
(68, 416, 28, 45, 8, 0, 0, '2019-07-12', 1, '2019-06-12'),
(69, 412, 28, 53, 2, 0, 0, '2019-07-12', 1, '2019-06-12'),
(70, 412, 28, 43, 1, 0, 0, '2019-07-12', 1, '2019-06-12'),
(71, 419, 21, 42, 1, 0, 0, '2019-07-12', 1, '2019-06-12'),
(72, 412, 28, 55, 2, 0, 0, '2019-07-12', 1, '2019-06-12'),
(73, 420, 21, 1, 0, 0, 0, '2019-07-12', 1, '2019-06-12'),
(74, 421, 21, 73, 1, 0, 0, '2019-07-12', 1, '2019-06-12'),
(75, 422, 21, 74, 1, 0, 0, '2019-07-12', 1, '2019-06-12'),
(76, 423, 21, 75, 1, 0, 0, '2019-07-12', 1, '2019-06-12'),
(77, 424, 21, 76, 1, 0, 0, '2019-07-12', 1, '2019-06-12'),
(78, 425, 21, 77, 1, 0, 0, '2019-07-12', 1, '2019-06-12'),
(79, 426, 21, 78, 0, 0, 0, '2019-07-12', 1, '2019-06-12'),
(80, 427, 21, 78, 0, 0, 0, '2019-07-12', 1, '2019-06-12'),
(81, 428, 30, 0, 0, 0, 0, '2019-07-25', 1, '2019-06-25'),
(82, 429, 30, 81, 1, 0, 0, '2019-07-30', 1, '2019-06-30'),
(83, 430, 30, 81, 2, 0, 0, '2019-07-10', 1, '2019-06-25');

-- --------------------------------------------------------

--
-- Estructura de tabla para la tabla `comisiones`
--

CREATE TABLE `comisiones` (
  `id` int(11) NOT NULL,
  `id_cartilla_R` int(11) NOT NULL,
  `id_cartilla_G` int(11) NOT NULL,
  `nivel_cartilla_G` int(10) NOT NULL,
  `fecha` varchar(50) CHARACTER SET utf8 COLLATE utf8_spanish_ci NOT NULL,
  `valor` decimal(10,2) NOT NULL,
  `estado` varchar(45) DEFAULT NULL,
  `fecha_cobro` varchar(50) CHARACTER SET utf8 COLLATE utf8_spanish_ci DEFAULT NULL
) ENGINE=InnoDB DEFAULT CHARSET=utf8;

--
-- Volcado de datos para la tabla `comisiones`
--

INSERT INTO `comisiones` (`id`, `id_cartilla_R`, `id_cartilla_G`, `nivel_cartilla_G`, `fecha`, `valor`, `estado`, `fecha_cobro`) VALUES
(1, 1, 2, 1, '2018-11-6', '10.00', '1', ''),
(2, 2, 3, 1, '2018-11-6', '10.00', '0', ''),
(3, 1, 3, 2, '2018-11-6', '10.00', '1', ''),
(14, 2, 9, 1, '2018-11-6', '10.00', '0', ''),
(15, 1, 9, 2, '2018-11-6', '10.00', '1', ''),
(16, 9, 10, 1, '2018-11-6', '10.00', '0', ''),
(17, 2, 10, 2, '2018-11-6', '10.00', '0', ''),
(18, 3, 11, 1, '2018-11-6', '10.00', '0', ''),
(19, 2, 11, 2, '2018-11-6', '10.00', '0', ''),
(20, 2, 12, 1, '2018-11-6', '10.00', '0', ''),
(21, 1, 12, 2, '2018-11-6', '10.00', '1', ''),
(22, 3, 13, 1, '2018-11-6', '10.00', '0', ''),
(23, 2, 13, 2, '2018-11-6', '10.00', '0', ''),
(24, 2, 14, 1, '2018-11-6', '10.00', '0', ''),
(25, 1, 14, 2, '2018-11-6', '10.00', '1', ''),
(26, 3, 15, 1, '2018-11-7', '10.00', '0', ''),
(27, 2, 15, 2, '2018-11-7', '10.00', '0', ''),
(28, 11, 16, 1, '2018-11-7', '10.00', '0', ''),
(29, 3, 16, 2, '2018-11-7', '10.00', '0', ''),
(30, 11, 17, 1, '2018-11-7', '10.00', '0', ''),
(31, 3, 17, 2, '2018-11-7', '10.00', '0', ''),
(32, 2, 18, 1, '2018-11-7', '10.00', '0', ''),
(33, 1, 18, 2, '2018-11-7', '10.00', '1', ''),
(34, 1, 2, 1, '2018-11-7', '10.00', '1', ''),
(35, 12, 19, 1, '2018-11-7', '10.00', '0', ''),
(36, 2, 19, 2, '2018-11-7', '10.00', '0', ''),
(37, 9, 20, 1, '2018-11-7', '10.00', '0', ''),
(38, 2, 20, 2, '2018-11-7', '10.00', '0', ''),
(39, 9, 21, 1, '2018-11-7', '10.00', '0', ''),
(40, 2, 21, 2, '2018-11-7', '10.00', '0', ''),
(41, 9, 22, 1, '2018-11-7', '10.00', '0', ''),
(42, 2, 22, 2, '2018-11-7', '10.00', '0', ''),
(43, 18, 23, 1, '2018-11-12', '10.00', '0', ''),
(44, 2, 23, 2, '2018-11-12', '10.00', '0', ''),
(45, 2, 3, 1, '2018-11-13', '10.00', '0', ''),
(46, 1, 3, 2, '2018-11-13', '10.00', '1', ''),
(49, 3, 24, 1, '2018-11-14', '10.00', '0', ''),
(50, 2, 24, 2, '2018-11-14', '10.00', '0', ''),
(51, 1, 25, 1, '2018-11-15', '10.00', '1', ''),
(52, 2, 18, 1, '2018-11-19', '10.00', '0', ''),
(53, 1, 18, 2, '2018-11-19', '10.00', '1', ''),
(54, 2, 9, 1, '2018-11-21', '10.00', '0', ''),
(55, 1, 9, 2, '2018-11-21', '10.00', '1', ''),
(56, 3, 11, 1, '2018-11-21', '10.00', '0', ''),
(57, 2, 11, 2, '2018-11-21', '10.00', '0', ''),
(58, 9, 26, 1, '2018-11-21', '10.00', '0', ''),
(59, 2, 26, 2, '2018-11-21', '10.00', '0', ''),
(60, 2, 12, 1, '2018-11-22', '10.00', '0', ''),
(61, 1, 12, 2, '2018-11-22', '10.00', '1', ''),
(62, 9, 27, 1, '2018-11-22', '10.00', '0', ''),
(63, 2, 27, 2, '2018-11-22', '10.00', '0', ''),
(64, 9, 28, 1, '2018-11-28', '10.00', '0', ''),
(65, 2, 28, 2, '2018-11-28', '10.00', '0', ''),
(66, 3, 13, 1, '2018-11-29', '10.00', '0', ''),
(67, 2, 13, 2, '2018-11-29', '10.00', '0', ''),
(68, 13, 29, 1, '2018-11-29', '10.00', '0', ''),
(69, 3, 29, 2, '2018-11-29', '10.00', '0', ''),
(70, 1, 2, 1, '2018-12-10', '10.00', '2', ''),
(71, 2, 3, 1, '2018-12-10', '10.00', '0', ''),
(72, 1, 3, 2, '2018-12-10', '10.00', '2', ''),
(73, 3, 30, 1, '2018-12-10', '10.00', '0', ''),
(74, 2, 30, 2, '2018-12-10', '10.00', '0', ''),
(75, 31, 32, 1, '2018-12-17', '10.00', '1', ''),
(76, 31, 32, 1, '2018-12-17', '4.95', '1', ''),
(77, 31, 32, 1, '2018-12-17', '4.95', '1', ''),
(78, 2, 3, 1, '2018-12-26', '10.00', '0', ''),
(79, 1, 3, 2, '2018-12-26', '10.00', '1', ''),
(80, 3, 11, 1, '2018-12-31', '10.00', '0', ''),
(81, 2, 11, 2, '2018-12-31', '10.00', '0', ''),
(82, 3, 13, 1, '2018-12-31', '10.00', '0', ''),
(83, 2, 13, 2, '2018-12-31', '10.00', '0', ''),
(84, 11, 33, 1, '2019-01-2', '10.00', '0', ''),
(85, 3, 33, 2, '2019-01-2', '10.00', '0', ''),
(86, 13, 29, 1, '2019-01-2', '14.85', '0', ''),
(87, 3, 29, 2, '2019-01-2', '14.85', '0', ''),
(88, 2, 12, 1, '2019-01-3', '10.00', '0', ''),
(89, 1, 12, 2, '2019-01-3', '10.00', '1', ''),
(90, 1, 2, 1, '2019-01-7', '10.00', '2', ''),
(91, 3, 15, 1, '2019-01-7', '10.00', '0', ''),
(92, 2, 15, 2, '2019-01-7', '10.00', '0', ''),
(95, 3, 30, 1, '2019-01-11', '10.00', '0', ''),
(96, 2, 30, 2, '2019-01-11', '10.00', '0', ''),
(97, 13, 29, 1, '2019-01-11', '10.00', '0', ''),
(98, 3, 29, 2, '2019-01-11', '10.00', '0', ''),
(99, 3, 15, 1, '2019-01-12', '10.00', '0', ''),
(100, 2, 15, 2, '2019-01-12', '10.00', '0', ''),
(101, 31, 32, 1, '2019-01-15', '4.95', '1', ''),
(102, 3, 11, 1, '2019-01-21', '10.00', '0', ''),
(103, 2, 11, 2, '2019-01-21', '10.00', '0', ''),
(104, 9, 34, 1, '2019-01-24', '10.00', '2', ''),
(105, 2, 34, 2, '2019-01-24', '10.00', '0', ''),
(106, 13, 35, 1, '2019-01-24', '10.00', '2', ''),
(107, 3, 35, 2, '2019-01-24', '10.00', '0', ''),
(108, 9, 36, 1, '2019-01-24', '10.00', '2', ''),
(109, 2, 36, 2, '2019-01-24', '10.00', '0', ''),
(112, 3, 24, 1, '2019-01-29', '10.00', '0', ''),
(113, 2, 24, 2, '2019-01-29', '10.00', '0', ''),
(114, 2, 12, 1, '2019-01-29', '10.00', '0', ''),
(115, 1, 12, 2, '2019-01-29', '10.00', '1', ''),
(116, 12, 19, 1, '2019-01-30', '10.00', '0', ''),
(117, 2, 19, 2, '2019-01-30', '10.00', '0', ''),
(118, 31, 32, 1, '2019-01-30', '10.00', '1', ''),
(119, 31, 32, 1, '2019-01-30', '5.00', '1', ''),
(120, 12, 19, 1, '2019-02-2', '50.00', '0', ''),
(121, 2, 19, 2, '2019-02-2', '50.00', '0', ''),
(122, 12, 19, 1, '2019-02-2', '4.95', '0', ''),
(123, 2, 19, 2, '2019-02-2', '5.00', '0', ''),
(124, 2, 9, 1, '2019-02-4', '10.00', '0', ''),
(125, 1, 9, 2, '2019-02-4', '10.00', '1', ''),
(126, 11, 16, 1, '2019-02-6', '10.00', '0', ''),
(127, 3, 16, 2, '2019-02-6', '10.00', '0', ''),
(128, 1, 2, 1, '2019-02-7', '10.00', '2', ''),
(129, 11, 16, 1, '2019-02-8', '5.00', '0', ''),
(130, 3, 16, 2, '2019-02-8', '5.00', '0', ''),
(131, 1, 25, 1, '2019-02-8', '10.00', '1', ''),
(132, 2, 3, 1, '2019-02-12', '10.00', '0', ''),
(133, 1, 3, 2, '2019-02-12', '10.00', '1', ''),
(134, 3, 15, 1, '2019-02-12', '10.00', '0', ''),
(135, 2, 15, 2, '2019-02-12', '10.00', '0', ''),
(136, 1, 2, 1, '2019-02-13', '20.00', '1', ''),
(137, 2, 3, 1, '2019-02-14', '20.00', '0', ''),
(138, 1, 3, 2, '2019-02-14', '20.00', '1', ''),
(139, 3, 11, 1, '2019-02-14', '20.00', '0', ''),
(140, 2, 11, 2, '2019-02-14', '20.00', '0', ''),
(143, 3, 30, 1, '2019-02-14', '10.00', '0', ''),
(144, 2, 30, 2, '2019-02-14', '10.00', '0', ''),
(145, 11, 16, 1, '2019-02-15', '9.90', '0', ''),
(146, 3, 16, 2, '2019-02-15', '10.00', '0', ''),
(147, 11, 16, 1, '2019-02-15', '5.00', '0', ''),
(148, 3, 16, 2, '2019-02-15', '5.00', '0', ''),
(149, 11, 16, 1, '2019-02-15', '40.00', '0', ''),
(150, 3, 16, 2, '2019-02-15', '40.00', '0', ''),
(151, 3, 13, 1, '2019-02-26', '10.00', '0', ''),
(152, 2, 13, 2, '2019-02-26', '20.00', '0', ''),
(153, 3, 13, 1, '2019-02-26', '20.00', '0', ''),
(155, 9, 34, 1, '2019-02-26', '20.00', '0', ''),
(156, 2, 34, 2, '2019-02-26', '20.00', '0', ''),
(157, 13, 34, 1, '2019-02-26', '20.00', '0', ''),
(158, 3, 34, 2, '2019-02-26', '20.00', '0', ''),
(159, 11, 16, 1, '2019-02-27', '20.00', '0', ''),
(160, 3, 16, 2, '2019-02-27', '20.00', '0', ''),
(163, 13, 34, 1, '2019-03-6', '15.00', '0', ''),
(164, 3, 34, 2, '2019-03-6', '15.00', '0', ''),
(165, 1, 2, 1, '2019-03-8', '20.00', '2', ''),
(166, 2, 3, 1, '2019-03-14', '20.00', '0', ''),
(167, 1, 3, 2, '2019-03-14', '20.00', '2', ''),
(168, 3, 15, 1, '2019-03-14', '20.00', '0', ''),
(169, 2, 15, 2, '2019-03-14', '20.00', '0', ''),
(170, 13, 35, 1, '2019-03-15', '20.00', '0', ''),
(171, 3, 35, 2, '2019-03-15', '20.00', '0', ''),
(172, 15, 35, 1, '2019-03-15', '20.00', '0', ''),
(174, 13, 35, 1, '2019-03-19', '40.00', '2', ''),
(175, 3, 35, 2, '2019-03-19', '40.00', '0', ''),
(176, 15, 35, 1, '2019-03-19', '40.00', '0', ''),
(177, 3, 35, 2, '2019-03-19', '40.00', '0', ''),
(178, 13, 35, 1, '2019-03-21', '30.00', '2', ''),
(179, 3, 35, 2, '2019-03-21', '30.00', '0', ''),
(180, 15, 35, 1, '2019-03-21', '30.00', '0', ''),
(181, 3, 35, 2, '2019-03-21', '30.00', '0', ''),
(182, 13, 35, 1, '2019-03-21', '9.90', '2', ''),
(183, 3, 35, 2, '2019-03-21', '10.00', '0', ''),
(185, 3, 35, 2, '2019-03-21', '10.00', '0', ''),
(186, 13, 35, 1, '2019-03-25', '10.00', '2', ''),
(187, 3, 35, 2, '2019-03-25', '10.00', '0', ''),
(188, 15, 35, 1, '2019-03-25', '10.00', '0', ''),
(190, 13, 35, 1, '2019-03-28', '15.00', '2', ''),
(191, 3, 35, 2, '2019-03-28', '15.00', '0', ''),
(192, 15, 35, 1, '2019-03-28', '15.00', '0', ''),
(194, 9, 36, 1, '2019-04-1', '20.00', '2', ''),
(195, 2, 36, 2, '2019-04-1', '20.00', '0', ''),
(197, 1, 36, 2, '2019-04-1', '20.00', '1', ''),
(198, 9, 36, 1, '2019-04-1', '20.00', '2', ''),
(201, 1, 36, 2, '2019-04-1', '20.00', '1', ''),
(202, 2, 9, 1, '2019-04-1', '10.00', '0', ''),
(203, 1, 9, 2, '2019-04-1', '10.00', '1', ''),
(204, 31, 37, 1, '2019-04-2', '40.00', '1', ''),
(205, 31, 37, 1, '2019-04-2', '15.00', '1', ''),
(206, 31, 37, 1, '2019-04-2', '30.00', '1', ''),
(207, 13, 35, 1, '2019-04-5', '10.00', '2', ''),
(209, 15, 35, 1, '2019-04-5', '10.00', '0', ''),
(211, 13, 35, 1, '2019-04-5', '9.90', '2', ''),
(212, 3, 35, 2, '2019-04-5', '10.00', '0', ''),
(213, 15, 35, 1, '2019-04-5', '9.90', '0', ''),
(214, 3, 35, 2, '2019-04-5', '10.00', '0', ''),
(215, 1, 2, 1, '2019-04-8', '20.00', '2', ''),
(216, 1, 2, 1, '2019-04-8', '20.00', '2', ''),
(217, 1, 2, 1, '2019-04-8', '20.00', '2', ''),
(218, 36, 38, 1, '2019-04-8', '20.00', '0', ''),
(219, 2, 38, 2, '2019-04-8', '20.00', '0', ''),
(220, 2, 3, 1, '2019-04-10', '20.00', '0', ''),
(221, 1, 3, 2, '2019-04-10', '20.00', '1', ''),
(222, 3, 11, 1, '2019-04-10', '20.00', '0', ''),
(223, 2, 11, 2, '2019-04-10', '20.00', '0', ''),
(224, 11, 33, 1, '2019-04-10', '10.00', '0', ''),
(225, 3, 33, 2, '2019-04-10', '10.00', '0', ''),
(226, 3, 15, 1, '2019-04-12', '20.00', '0', ''),
(227, 2, 15, 2, '2019-04-12', '20.00', '0', ''),
(228, 38, 39, 1, '2019-04-15', '20.00', '0', ''),
(229, 36, 39, 2, '2019-04-15', '20.00', '0', ''),
(230, 38, 40, 1, '2019-04-15', '20.00', '0', ''),
(231, 36, 40, 2, '2019-04-15', '20.00', '0', ''),
(232, 15, 41, 1, '2019-04-15', '20.00', '0', ''),
(233, 3, 41, 2, '2019-04-15', '20.00', '0', ''),
(234, 33, 42, 1, '2019-04-15', '10.00', '1', ''),
(235, 11, 42, 2, '2019-04-15', '10.00', '0', ''),
(236, 11, 33, 1, '2019-04-18', '4.95', '0', ''),
(237, 3, 33, 2, '2019-04-18', '5.00', '0', ''),
(238, 11, 33, 1, '2019-04-18', '5.00', '0', ''),
(239, 3, 33, 2, '2019-04-18', '5.00', '0', ''),
(240, 11, 33, 1, '2019-04-22', '10.00', '0', ''),
(241, 3, 33, 2, '2019-04-22', '10.00', '0', ''),
(242, 38, 43, 1, '2019-04-24', '20.00', '0', ''),
(243, 36, 43, 2, '2019-04-24', '20.00', '0', ''),
(244, 38, 44, 1, '2019-04-24', '20.00', '0', ''),
(245, 36, 44, 2, '2019-04-24', '20.00', '0', ''),
(246, 36, 38, 1, '2019-04-29', '20.00', '0', ''),
(247, 2, 38, 2, '2019-04-29', '20.00', '0', ''),
(248, 11, 33, 1, '2019-04-29', '15.00', '0', ''),
(249, 3, 33, 2, '2019-04-29', '15.00', '0', ''),
(250, 11, 33, 1, '2019-04-29', '10.00', '0', ''),
(251, 3, 33, 2, '2019-04-29', '10.00', '0', ''),
(252, 36, 38, 1, '2019-05-1', '20.00', '0', ''),
(253, 2, 38, 2, '2019-05-1', '20.00', '0', ''),
(254, 11, 33, 1, '2019-05-5', '50.00', '0', ''),
(255, 3, 33, 2, '2019-05-5', '50.00', '0', ''),
(256, 1, 2, 1, '2019-05-9', '20.00', '2', ''),
(257, 2, 3, 1, '2019-05-13', '20.00', '0', ''),
(258, 1, 3, 2, '2019-05-13', '20.00', '2', ''),
(259, 3, 15, 1, '2019-05-13', '20.00', '0', ''),
(260, 2, 15, 2, '2019-05-13', '20.00', '0', ''),
(261, 3, 13, 1, '2019-05-13', '20.00', '0', ''),
(262, 2, 13, 2, '2019-05-13', '20.00', '0', ''),
(263, 3, 45, 1, '2019-05-15', '20.00', '0', ''),
(264, 2, 45, 2, '2019-05-15', '20.00', '0', ''),
(265, 13, 29, 1, '2019-05-15', '10.00', '0', ''),
(266, 3, 29, 2, '2019-05-15', '10.00', '0', ''),
(267, 13, 29, 1, '2019-05-16', '20.00', '0', ''),
(268, 3, 29, 2, '2019-05-16', '20.00', '0', ''),
(269, 13, 29, 1, '2019-05-22', '15.00', '0', ''),
(270, 3, 29, 2, '2019-05-22', '15.00', '0', ''),
(271, 13, 29, 1, '2019-05-22', '25.00', '0', ''),
(272, 3, 29, 2, '2019-05-22', '25.00', '0', ''),
(273, 9, 36, 1, '2019-05-22', '20.00', '2', ''),
(275, 2, 36, 1, '2019-05-22', '20.00', '0', ''),
(276, 1, 36, 2, '2019-05-22', '20.00', '1', ''),
(277, 36, 38, 1, '2019-05-23', '20.00', '0', ''),
(278, 2, 38, 2, '2019-05-23', '20.00', '0', ''),
(279, 36, 38, 1, '2019-05-29', '30.00', '1', ''),
(280, 2, 38, 2, '2019-05-29', '30.00', '1', ''),
(281, 20, 46, 1, '2019-06-6', '10.00', '2', ''),
(282, 9, 46, 2, '2019-06-6', '10.00', '2', ''),
(283, 37, 47, 1, '2019-06-6', '40.00', '2', ''),
(284, 31, 47, 2, '2019-06-6', '40.00', '2', ''),
(285, 16, 48, 1, '2019-06-6', '10.00', '2', ''),
(286, 11, 48, 2, '2019-06-6', '8.33', '2', ''),
(287, 47, 49, 1, '2019-06-6', '40.00', '1', ''),
(288, 37, 49, 2, '2019-06-6', '40.00', '2', ''),
(289, 49, 50, 1, '2019-06-6', '40.00', '1', ''),
(290, 47, 50, 2, '2019-06-6', '40.00', '1', ''),
(291, 25, 51, 1, '2019-06-6', '10.00', '2', ''),
(292, 1, 51, 2, '2019-06-6', '10.00', '1', ''),
(293, 51, 52, 1, '2019-06-6', '10.00', '1', ''),
(294, 25, 52, 2, '2019-06-6', '10.00', '2', ''),
(295, 53, 54, 1, '2019-06-6', '24.00', '1', ''),
(296, 54, 55, 1, '2019-06-6', '20.00', '1', ''),
(297, 53, 55, 2, '2019-06-6', '24.00', '1', ''),
(298, 55, 56, 1, '2019-06-6', '20.00', '1', ''),
(299, 54, 56, 2, '2019-06-6', '20.00', '1', ''),
(300, 53, 56, 3, '2019-06-6', '24.00', '1', ''),
(301, 56, 57, 1, '2019-06-6', '20.00', '1', ''),
(302, 55, 57, 2, '2019-06-6', '20.00', '1', ''),
(303, 54, 57, 3, '2019-06-6', '20.00', '1', ''),
(304, 53, 57, 4, '2019-06-6', '24.00', '1', ''),
(305, 57, 58, 1, '2019-06-6', '20.00', '1', ''),
(306, 56, 58, 2, '2019-06-6', '20.00', '1', ''),
(307, 55, 58, 3, '2019-06-6', '20.00', '1', ''),
(308, 54, 58, 4, '2019-06-6', '20.00', '1', ''),
(309, 53, 58, 5, '2019-06-6', '24.00', '1', ''),
(310, 58, 59, 1, '2019-06-6', '20.00', '1', ''),
(311, 57, 59, 2, '2019-06-6', '20.00', '1', ''),
(312, 56, 59, 3, '2019-06-6', '20.00', '1', ''),
(313, 55, 59, 4, '2019-06-6', '20.00', '1', ''),
(314, 54, 59, 5, '2019-06-6', '20.00', '1', ''),
(315, 53, 59, 6, '2019-06-6', '24.00', '1', ''),
(316, 59, 60, 1, '2019-06-6', '20.00', '1', ''),
(317, 58, 60, 2, '2019-06-6', '20.00', '1', ''),
(318, 57, 60, 3, '2019-06-6', '20.00', '1', ''),
(319, 56, 60, 4, '2019-06-6', '20.00', '1', ''),
(320, 55, 60, 5, '2019-06-6', '20.00', '1', ''),
(321, 54, 60, 6, '2019-06-6', '20.00', '1', ''),
(322, 45, 62, 1, '2019-06-12', '0.00', '1', ''),
(323, 3, 62, 2, '2019-06-12', '0.00', '1', ''),
(324, 2, 62, 3, '2019-06-12', '0.00', '2', ''),
(325, 1, 62, 4, '2019-06-12', '0.00', '2', ''),
(326, 59, 60, 1, '2019-06-12', '0.00', '1', ''),
(327, 58, 60, 2, '2019-06-12', '0.00', '1', ''),
(328, 57, 60, 3, '2019-06-12', '0.00', '1', ''),
(329, 56, 60, 4, '2019-06-12', '0.00', '1', ''),
(330, 55, 60, 5, '2019-06-12', '0.00', '1', ''),
(331, 54, 60, 6, '2019-06-12', '0.00', '1', ''),
(332, 59, 60, 1, '2019-06-12', '0.00', '1', ''),
(333, 58, 60, 2, '2019-06-12', '0.00', '1', ''),
(334, 57, 60, 3, '2019-06-12', '0.00', '1', ''),
(335, 56, 60, 4, '2019-06-12', '0.00', '1', ''),
(336, 55, 60, 5, '2019-06-12', '0.00', '1', ''),
(337, 54, 60, 6, '2019-06-12', '0.00', '1', ''),
(338, 45, 65, 1, '2019-06-12', '30.00', '1', ''),
(339, 3, 45, 1, '2019-06-12', '0.00', '1', ''),
(340, 2, 3, 1, '2019-06-12', '0.00', '2', ''),
(341, 1, 2, 1, '2019-06-12', '0.00', '2', ''),
(342, 1, 3, 2, '2019-06-12', '0.00', '2', ''),
(343, 2, 45, 2, '2019-06-12', '0.00', '2', ''),
(344, 1, 2, 1, '2019-06-12', '0.00', '2', ''),
(345, 3, 65, 2, '2019-06-12', '12.00', '1', ''),
(346, 2, 3, 1, '2019-06-12', '0.00', '2', ''),
(347, 1, 2, 1, '2019-06-12', '0.00', '2', ''),
(348, 1, 3, 2, '2019-06-12', '0.00', '2', ''),
(349, 2, 65, 3, '2019-06-12', '9.00', '2', ''),
(350, 1, 2, 1, '2019-06-12', '0.00', '2', ''),
(351, 1, 65, 4, '2019-06-12', '0.00', '2', ''),
(352, 45, 66, 1, '2019-06-12', '30.00', '1', ''),
(353, 3, 45, 1, '2019-06-12', '30.00', '1', ''),
(354, 2, 3, 1, '2019-06-12', '30.00', '2', ''),
(355, 1, 2, 1, '2019-06-12', '24.00', '2', ''),
(356, 1, 3, 2, '2019-06-12', '24.00', '2', ''),
(357, 2, 45, 2, '2019-06-12', '12.00', '2', ''),
(358, 1, 2, 1, '2019-06-12', '24.00', '2', ''),
(359, 3, 66, 2, '2019-06-12', '12.00', '1', ''),
(360, 2, 3, 1, '2019-06-12', '30.00', '2', ''),
(361, 1, 2, 1, '2019-06-12', '24.00', '2', ''),
(362, 1, 3, 2, '2019-06-12', '24.00', '2', ''),
(363, 2, 66, 3, '2019-06-12', '9.00', '2', ''),
(364, 1, 2, 1, '2019-06-12', '24.00', '2', ''),
(365, 1, 66, 4, '2019-06-12', '0.00', '2', ''),
(366, 45, 67, 1, '2019-06-12', '30.00', '1', ''),
(367, 3, 45, 1, '2019-06-12', '30.00', '1', ''),
(368, 2, 3, 1, '2019-06-12', '30.00', '2', ''),
(369, 1, 2, 1, '2019-06-12', '24.00', '2', ''),
(370, 1, 3, 2, '2019-06-12', '24.00', '2', ''),
(371, 2, 45, 2, '2019-06-12', '12.00', '2', ''),
(372, 1, 2, 1, '2019-06-12', '24.00', '2', ''),
(373, 3, 67, 2, '2019-06-12', '12.00', '1', ''),
(374, 2, 3, 1, '2019-06-12', '30.00', '2', ''),
(375, 1, 2, 1, '2019-06-12', '24.00', '2', ''),
(376, 1, 3, 2, '2019-06-12', '24.00', '2', ''),
(377, 2, 67, 3, '2019-06-12', '9.00', '2', ''),
(378, 1, 2, 1, '2019-06-12', '24.00', '2', ''),
(379, 1, 67, 4, '2019-06-12', '0.00', '2', ''),
(380, 45, 68, 1, '2019-06-12', '30.00', '1', ''),
(381, 3, 45, 1, '2019-06-12', '30.00', '1', ''),
(382, 2, 3, 1, '2019-06-12', '30.00', '2', ''),
(383, 1, 2, 1, '2019-06-12', '24.00', '2', ''),
(384, 1, 3, 2, '2019-06-12', '24.00', '2', ''),
(385, 2, 45, 2, '2019-06-12', '12.00', '2', ''),
(386, 1, 2, 1, '2019-06-12', '24.00', '2', ''),
(387, 3, 68, 2, '2019-06-12', '12.00', '1', ''),
(388, 2, 3, 1, '2019-06-12', '30.00', '2', ''),
(389, 1, 2, 1, '2019-06-12', '24.00', '2', ''),
(390, 1, 3, 2, '2019-06-12', '24.00', '2', ''),
(391, 2, 68, 3, '2019-06-12', '9.00', '2', ''),
(392, 1, 2, 1, '2019-06-12', '24.00', '2', ''),
(393, 1, 68, 4, '2019-06-12', '0.00', '2', ''),
(394, 53, 69, 1, '2019-06-12', '24.00', '1', ''),
(395, 43, 70, 1, '2019-06-12', '30.00', '1', ''),
(396, 38, 43, 1, '2019-06-12', '30.00', '1', ''),
(397, 36, 38, 1, '2019-06-12', '30.00', '1', ''),
(398, 9, 36, 1, '2019-06-12', '24.00', '2', ''),
(399, 2, 9, 1, '2019-06-12', '30.00', '2', ''),
(400, 1, 9, 2, '2019-06-12', '24.00', '2', ''),
(401, 2, 36, 2, '2019-06-12', '12.00', '2', ''),
(402, 1, 2, 1, '2019-06-12', '24.00', '2', ''),
(403, 2, 36, 1, '2019-06-12', '30.00', '2', ''),
(404, 1, 2, 1, '2019-06-12', '24.00', '2', ''),
(405, 1, 36, 2, '2019-06-12', '24.00', '2', ''),
(406, 2, 38, 2, '2019-06-12', '12.00', '2', ''),
(407, 1, 2, 1, '2019-06-12', '24.00', '2', ''),
(408, 36, 43, 2, '2019-06-12', '12.00', '1', ''),
(409, 9, 36, 1, '2019-06-12', '24.00', '2', ''),
(410, 2, 9, 1, '2019-06-12', '30.00', '2', ''),
(411, 1, 2, 1, '2019-06-12', '24.00', '2', ''),
(412, 1, 9, 2, '2019-06-12', '24.00', '2', ''),
(413, 2, 36, 2, '2019-06-12', '12.00', '2', ''),
(414, 1, 2, 1, '2019-06-12', '24.00', '2', ''),
(415, 2, 36, 1, '2019-06-12', '30.00', '2', ''),
(416, 1, 2, 1, '2019-06-12', '24.00', '2', ''),
(417, 1, 36, 2, '2019-06-12', '24.00', '2', ''),
(418, 38, 70, 2, '2019-06-12', '12.00', '1', ''),
(419, 36, 38, 1, '2019-06-12', '30.00', '1', ''),
(420, 9, 36, 1, '2019-06-12', '24.00', '2', ''),
(421, 2, 9, 1, '2019-06-12', '30.00', '2', ''),
(422, 1, 2, 1, '2019-06-12', '24.00', '2', ''),
(423, 1, 9, 2, '2019-06-12', '24.00', '2', ''),
(424, 2, 36, 2, '2019-06-12', '12.00', '2', ''),
(425, 1, 2, 1, '2019-06-12', '24.00', '2', ''),
(426, 2, 36, 1, '2019-06-12', '30.00', '2', ''),
(427, 1, 2, 1, '2019-06-12', '24.00', '2', ''),
(428, 1, 36, 2, '2019-06-12', '24.00', '2', ''),
(429, 2, 38, 2, '2019-06-12', '12.00', '2', ''),
(430, 1, 2, 1, '2019-06-12', '24.00', '2', ''),
(431, 36, 70, 3, '2019-06-12', '9.00', '1', ''),
(432, 9, 36, 1, '2019-06-12', '24.00', '2', ''),
(433, 2, 9, 1, '2019-06-12', '30.00', '2', ''),
(434, 1, 2, 1, '2019-06-12', '24.00', '2', ''),
(435, 1, 9, 2, '2019-06-12', '24.00', '2', ''),
(436, 2, 36, 2, '2019-06-12', '12.00', '2', ''),
(437, 1, 2, 1, '2019-06-12', '24.00', '2', ''),
(438, 2, 36, 1, '2019-06-12', '30.00', '2', ''),
(439, 1, 2, 1, '2019-06-12', '24.00', '2', ''),
(440, 1, 36, 2, '2019-06-12', '24.00', '2', ''),
(441, 2, 70, 4, '2019-06-12', '6.00', '2', ''),
(442, 1, 2, 1, '2019-06-12', '24.00', '2', ''),
(443, 1, 70, 5, '2019-06-12', '0.00', '2', ''),
(444, 42, 71, 1, '2019-06-12', '10.00', '2', ''),
(445, 33, 71, 2, '2019-06-12', '10.00', '2', ''),
(446, 11, 71, 3, '2019-06-12', '3.75', '2', ''),
(447, 3, 71, 4, '2019-06-12', '2.50', '1', ''),
(448, 2, 71, 5, '2019-06-12', '1.25', '2', ''),
(449, 55, 72, 1, '2019-06-12', '30.00', '1', ''),
(450, 54, 72, 2, '2019-06-12', '12.00', '1', ''),
(451, 53, 72, 3, '2019-06-12', '0.00', '1', ''),
(452, 1, 73, 1, '2019-06-12', '10.00', '2', ''),
(453, 73, 74, 1, '2019-06-12', '50.00', '1', ''),
(454, 1, 74, 2, '2019-06-12', '30.00', '2', ''),
(455, 74, 75, 1, '2019-06-12', '50.00', '1', ''),
(456, 73, 75, 2, '2019-06-12', '30.00', '1', ''),
(457, 1, 75, 3, '2019-06-12', '20.00', '2', ''),
(458, 75, 76, 1, '2019-06-12', '50.00', '1', ''),
(459, 74, 76, 2, '2019-06-12', '30.00', '1', ''),
(460, 73, 76, 3, '2019-06-12', '20.00', '1', ''),
(461, 1, 76, 4, '2019-06-12', '10.00', '2', ''),
(462, 76, 77, 1, '2019-06-12', '50.00', '1', ''),
(463, 75, 77, 2, '2019-06-12', '30.00', '1', ''),
(464, 74, 77, 3, '2019-06-12', '20.00', '1', ''),
(465, 73, 77, 4, '2019-06-12', '10.00', '1', ''),
(466, 1, 77, 5, '2019-06-12', '5.00', '2', ''),
(467, 77, 78, 1, '2019-06-12', '50.00', '1', ''),
(468, 76, 78, 2, '2019-06-12', '30.00', '1', ''),
(469, 75, 78, 3, '2019-06-12', '20.00', '1', ''),
(470, 74, 78, 4, '2019-06-12', '10.00', '1', ''),
(471, 73, 78, 5, '2019-06-12', '5.00', '1', ''),
(472, 78, 79, 1, '2019-06-12', '50.00', '1', ''),
(473, 77, 79, 2, '2019-06-12', '30.00', '1', ''),
(474, 76, 79, 3, '2019-06-12', '20.00', '1', ''),
(475, 75, 79, 4, '2019-06-12', '10.00', '1', ''),
(476, 74, 79, 5, '2019-06-12', '5.00', '1', ''),
(477, 77, 78, 1, '2019-06-12', '0.00', '1', ''),
(478, 76, 78, 2, '2019-06-12', '0.00', '1', ''),
(479, 75, 78, 3, '2019-06-12', '0.00', '1', ''),
(480, 74, 78, 4, '2019-06-12', '0.00', '1', ''),
(481, 73, 78, 5, '2019-06-12', '0.00', '1', ''),
(482, 77, 78, 1, '2019-06-12', '0.00', '1', ''),
(483, 76, 78, 2, '2019-06-12', '0.00', '1', ''),
(484, 75, 78, 3, '2019-06-12', '0.00', '1', ''),
(485, 74, 78, 4, '2019-06-12', '0.00', '1', ''),
(486, 73, 78, 5, '2019-06-12', '0.00', '1', ''),
(487, 77, 78, 1, '2019-06-12', '0.00', '1', ''),
(488, 76, 78, 2, '2019-06-12', '0.00', '1', ''),
(489, 75, 78, 3, '2019-06-12', '0.00', '1', ''),
(490, 74, 78, 4, '2019-06-12', '0.00', '1', ''),
(491, 73, 78, 5, '2019-06-12', '0.00', '1', ''),
(492, 77, 78, 1, '2019-06-12', '3.33', '1', ''),
(493, 76, 78, 2, '2019-06-12', '3.33', '1', ''),
(494, 75, 78, 3, '2019-06-12', '0.00', '1', ''),
(495, 74, 78, 4, '2019-06-12', '0.00', '1', ''),
(496, 73, 78, 5, '2019-06-12', '0.00', '1', ''),
(497, 77, 78, 1, '2019-06-12', '10.00', '1', ''),
(498, 76, 78, 2, '2019-06-12', '4.00', '1', ''),
(499, 75, 78, 3, '2019-06-12', '4.00', '1', ''),
(500, 74, 78, 4, '2019-06-12', '1.00', '1', ''),
(501, 73, 78, 5, '2019-06-12', '1.00', '1', ''),
(502, 78, 80, 1, '2019-06-13', '50.00', '1', ''),
(503, 77, 80, 2, '2019-06-13', '30.00', '1', ''),
(504, 76, 80, 3, '2019-06-13', '20.00', '1', ''),
(505, 75, 80, 4, '2019-06-13', '10.00', '1', ''),
(506, 74, 80, 5, '2019-06-13', '5.00', '1', ''),
(507, 1, 2, 1, '2019-06-19', '30.00', '2', ''),
(508, 1, 2, 1, '2019-06-19', '10.00', '2', ''),
(509, 81, 82, 1, '2019-06-25', '6.00', '1', ''),
(510, 81, 83, 1, '2019-06-25', '6.00', '1', '');

-- --------------------------------------------------------

--
-- Estructura de tabla para la tabla `crypto_payments`
--

CREATE TABLE `crypto_payments` (
  `paymentID` int(11) UNSIGNED NOT NULL,
  `boxID` int(11) UNSIGNED NOT NULL DEFAULT '0',
  `boxType` enum('paymentbox','captchabox') NOT NULL,
  `orderID` varchar(50) NOT NULL DEFAULT '',
  `userID` varchar(50) NOT NULL DEFAULT '',
  `countryID` varchar(3) NOT NULL DEFAULT '',
  `coinLabel` varchar(6) NOT NULL DEFAULT '',
  `amount` double(20,8) NOT NULL DEFAULT '0.00000000',
  `amountUSD` double(20,8) NOT NULL DEFAULT '0.00000000',
  `unrecognised` tinyint(1) UNSIGNED NOT NULL DEFAULT '0',
  `addr` varchar(34) NOT NULL DEFAULT '',
  `txID` char(64) NOT NULL DEFAULT '',
  `txDate` datetime DEFAULT NULL,
  `txConfirmed` tinyint(1) UNSIGNED NOT NULL DEFAULT '0',
  `txCheckDate` datetime DEFAULT NULL,
  `processed` tinyint(1) UNSIGNED NOT NULL DEFAULT '0',
  `processedDate` datetime DEFAULT NULL,
  `recordCreated` datetime DEFAULT NULL
) ENGINE=InnoDB DEFAULT CHARSET=utf8 ROW_FORMAT=DYNAMIC;

-- --------------------------------------------------------

--
-- Estructura de tabla para la tabla `metodopago`
--

CREATE TABLE `metodopago` (
  `idMetodoPago` int(11) NOT NULL,
  `idUser` int(11) NOT NULL,
  `tipoMetodo` varchar(50) NOT NULL,
  `metodo` varchar(45) NOT NULL,
  `urlMonedero` varchar(50) DEFAULT NULL,
  `soporteDeposito` varchar(45) DEFAULT NULL
) ENGINE=InnoDB DEFAULT CHARSET=utf8;

-- --------------------------------------------------------

--
-- Estructura de tabla para la tabla `migrations`
--

CREATE TABLE `migrations` (
  `migration` varchar(255) COLLATE utf8_unicode_ci NOT NULL,
  `batch` int(11) NOT NULL
) ENGINE=InnoDB DEFAULT CHARSET=utf8 COLLATE=utf8_unicode_ci;

--
-- Volcado de datos para la tabla `migrations`
--

INSERT INTO `migrations` (`migration`, `batch`) VALUES
('2017_08_22_193649_create_users_table', 1),
('2017_08_22_194547_create_users_table', 2),
('2016_07_07_223315_crear_tabla_tipos_usuario', 3),
('2016_07_07_225615_update_table_users_V2', 3),
('2014_10_12_100000_create_password_resets_table', 4);

-- --------------------------------------------------------

--
-- Estructura de tabla para la tabla `options`
--

CREATE TABLE `options` (
  `id` int(10) NOT NULL,
  `name` varchar(50) COLLATE utf8_spanish_ci NOT NULL,
  `valor` varchar(400) COLLATE utf8_spanish_ci NOT NULL,
  `estado` int(10) NOT NULL,
  `borrar` varchar(10) COLLATE utf8_spanish_ci NOT NULL
) ENGINE=InnoDB DEFAULT CHARSET=utf8 COLLATE=utf8_spanish_ci;

--
-- Volcado de datos para la tabla `options`
--

INSERT INTO `options` (`id`, `name`, `valor`, `estado`, `borrar`) VALUES
(1, 'valor_dolar', '2865', 1, 'no'),
(2, 'mail_noti', 'lupaproyectos@gmail.com', 1, 'no');

-- --------------------------------------------------------

--
-- Estructura de tabla para la tabla `padres`
--

CREATE TABLE `padres` (
  `id` int(20) NOT NULL,
  `id_cartilla` int(11) NOT NULL,
  `id_cartilla_padre` int(11) NOT NULL,
  `numero_padre` int(11) NOT NULL
) ENGINE=InnoDB DEFAULT CHARSET=utf8;

--
-- Volcado de datos para la tabla `padres`
--

INSERT INTO `padres` (`id`, `id_cartilla`, `id_cartilla_padre`, `numero_padre`) VALUES
(1, 1, 0, 1),
(2, 2, 1, 1),
(3, 2, 0, 2),
(4, 3, 2, 1),
(5, 3, 1, 2),
(16, 9, 2, 1),
(17, 9, 1, 2),
(18, 10, 9, 1),
(19, 10, 2, 2),
(20, 11, 3, 1),
(21, 11, 2, 2),
(22, 12, 2, 1),
(23, 12, 1, 2),
(24, 13, 3, 1),
(25, 13, 2, 2),
(26, 14, 2, 1),
(27, 14, 1, 2),
(28, 15, 3, 1),
(29, 15, 2, 2),
(30, 16, 11, 1),
(31, 16, 3, 2),
(32, 17, 11, 1),
(33, 17, 3, 2),
(34, 18, 2, 1),
(35, 18, 1, 2),
(36, 19, 12, 1),
(37, 19, 2, 2),
(38, 20, 9, 1),
(39, 20, 2, 2),
(40, 21, 9, 1),
(41, 21, 2, 2),
(42, 22, 9, 1),
(43, 22, 2, 2),
(44, 23, 18, 1),
(45, 23, 2, 2),
(46, 24, 3, 1),
(47, 24, 2, 2),
(48, 25, 1, 1),
(49, 25, 0, 2),
(50, 26, 9, 1),
(51, 26, 2, 2),
(52, 27, 9, 1),
(53, 27, 2, 2),
(54, 28, 9, 1),
(55, 28, 2, 2),
(56, 29, 13, 1),
(57, 29, 3, 2),
(58, 30, 3, 1),
(59, 30, 2, 2),
(60, 31, 0, 1),
(61, 32, 31, 1),
(62, 32, 0, 2),
(63, 33, 11, 1),
(64, 33, 3, 2),
(65, 34, 9, 1),
(66, 34, 2, 2),
(67, 35, 13, 1),
(68, 35, 3, 2),
(69, 36, 9, 1),
(70, 36, 2, 2),
(71, 34, 13, 1),
(72, 34, 3, 2),
(73, 35, 15, 1),
(74, 35, 3, 2),
(75, 36, 2, 1),
(76, 36, 1, 2),
(77, 37, 31, 1),
(78, 37, 0, 2),
(79, 38, 36, 1),
(80, 38, 2, 2),
(81, 39, 38, 1),
(82, 39, 36, 2),
(83, 40, 38, 1),
(84, 40, 36, 2),
(85, 41, 15, 1),
(86, 41, 3, 2),
(87, 42, 33, 1),
(88, 42, 11, 2),
(89, 43, 38, 1),
(90, 43, 36, 2),
(91, 44, 38, 1),
(92, 44, 36, 2),
(93, 45, 3, 1),
(94, 45, 2, 2),
(95, 46, 20, 1),
(96, 46, 9, 2),
(97, 47, 37, 1),
(98, 47, 31, 2),
(99, 48, 16, 1),
(100, 48, 11, 2),
(101, 49, 47, 1),
(102, 49, 37, 2),
(103, 50, 49, 1),
(104, 50, 47, 2),
(105, 51, 25, 1),
(106, 51, 1, 2),
(107, 52, 51, 1),
(108, 52, 25, 2),
(109, 53, 0, 1),
(110, 54, 53, 1),
(111, 54, 0, 2),
(112, 55, 54, 1),
(113, 55, 53, 2),
(114, 55, 0, 3),
(115, 56, 55, 1),
(116, 56, 54, 2),
(117, 56, 53, 3),
(118, 56, 0, 4),
(119, 57, 56, 1),
(120, 57, 55, 2),
(121, 57, 54, 3),
(122, 57, 53, 4),
(123, 57, 0, 5),
(124, 58, 57, 1),
(125, 58, 56, 2),
(126, 58, 55, 3),
(127, 58, 54, 4),
(128, 58, 53, 5),
(129, 58, 0, 6),
(130, 59, 58, 1),
(131, 59, 57, 2),
(132, 59, 56, 3),
(133, 59, 55, 4),
(134, 59, 54, 5),
(135, 59, 53, 6),
(136, 60, 59, 1),
(137, 60, 58, 2),
(138, 60, 57, 3),
(139, 60, 56, 4),
(140, 60, 55, 5),
(141, 60, 54, 6),
(142, 61, 45, 1),
(143, 61, 3, 2),
(144, 61, 2, 3),
(145, 61, 1, 4),
(146, 61, 0, 5),
(147, 62, 45, 1),
(148, 62, 3, 2),
(149, 62, 2, 3),
(150, 62, 1, 4),
(151, 62, 0, 5),
(152, 63, 45, 1),
(153, 63, 3, 2),
(154, 63, 2, 3),
(155, 63, 1, 4),
(156, 63, 0, 5),
(157, 64, 45, 1),
(158, 64, 3, 2),
(159, 64, 2, 3),
(160, 64, 1, 4),
(161, 64, 0, 5),
(162, 65, 45, 1),
(163, 65, 3, 2),
(164, 65, 2, 3),
(165, 65, 1, 4),
(166, 65, 0, 5),
(167, 66, 45, 1),
(168, 66, 3, 2),
(169, 66, 2, 3),
(170, 66, 1, 4),
(171, 66, 0, 5),
(172, 67, 45, 1),
(173, 67, 3, 2),
(174, 67, 2, 3),
(175, 67, 1, 4),
(176, 67, 0, 5),
(177, 68, 45, 1),
(178, 68, 3, 2),
(179, 68, 2, 3),
(180, 68, 1, 4),
(181, 68, 0, 5),
(182, 69, 53, 1),
(183, 69, 0, 2),
(184, 70, 43, 1),
(185, 70, 38, 2),
(186, 70, 36, 3),
(187, 70, 2, 4),
(188, 70, 1, 5),
(189, 71, 42, 1),
(190, 71, 33, 2),
(191, 71, 11, 3),
(192, 71, 3, 4),
(193, 71, 2, 5),
(194, 72, 55, 1),
(195, 72, 54, 2),
(196, 72, 53, 3),
(197, 72, 0, 4),
(198, 73, 1, 1),
(199, 73, 0, 2),
(200, 74, 73, 1),
(201, 74, 1, 2),
(202, 74, 0, 3),
(203, 75, 74, 1),
(204, 75, 73, 2),
(205, 75, 1, 3),
(206, 75, 0, 4),
(207, 76, 75, 1),
(208, 76, 74, 2),
(209, 76, 73, 3),
(210, 76, 1, 4),
(211, 76, 0, 5),
(212, 77, 76, 1),
(213, 77, 75, 2),
(214, 77, 74, 3),
(215, 77, 73, 4),
(216, 77, 1, 5),
(217, 78, 77, 1),
(218, 78, 76, 2),
(219, 78, 75, 3),
(220, 78, 74, 4),
(221, 78, 73, 5),
(222, 79, 78, 1),
(223, 79, 77, 2),
(224, 79, 76, 3),
(225, 79, 75, 4),
(226, 79, 74, 5),
(227, 80, 78, 1),
(228, 80, 77, 2),
(229, 80, 76, 3),
(230, 80, 75, 4),
(231, 80, 74, 5),
(232, 81, 0, 1),
(233, 82, 81, 1),
(234, 82, 0, 2),
(235, 83, 81, 1),
(236, 83, 0, 2);

-- --------------------------------------------------------

--
-- Estructura de tabla para la tabla `pagos`
--

CREATE TABLE `pagos` (
  `id` int(11) NOT NULL,
  `id_user` int(11) NOT NULL,
  `id_cartilla_paga` int(20) NOT NULL,
  `id_cartilla_padre` int(11) NOT NULL,
  `id_plan` int(11) NOT NULL,
  `metodo_pago` varchar(20) CHARACTER SET utf8 COLLATE utf8_spanish_ci NOT NULL,
  `fecha_pago` varchar(20) CHARACTER SET utf8 COLLATE utf8_spanish_ci NOT NULL,
  `valor` decimal(20,0) NOT NULL,
  `estado` int(11) NOT NULL,
  `tipo` int(2) NOT NULL,
  `documento` varchar(50) CHARACTER SET utf8 COLLATE utf8_spanish_ci NOT NULL,
  `referido` int(10) NOT NULL,
  `posicion` int(10) NOT NULL
) ENGINE=InnoDB DEFAULT CHARSET=utf8;

--
-- Volcado de datos para la tabla `pagos`
--

INSERT INTO `pagos` (`id`, `id_user`, `id_cartilla_paga`, `id_cartilla_padre`, `id_plan`, `metodo_pago`, `fecha_pago`, `valor`, `estado`, `tipo`, `documento`, `referido`, `posicion`) VALUES
(1, 354, 0, 1, 21, '1', '2018-11-02', '25', 1, 0, '0001', 0, 1),
(2, 355, 0, 2, 21, '1', '2018-11-02', '25', 1, 0, '0002', 0, 1),
(3, 356, 0, 3, 21, '1', '2018-11-02', '25', 1, 0, '0003', 0, 1),
(4, 356, 0, 2, 21, '1', '2018-11-02', '25', 1, 0, '0004', 0, 2),
(5, 354, 0, 1, 21, '1', '2018-11-06', '25', 1, 0, '4', 0, 1),
(6, 355, 0, 2, 21, '1', '2018-11-06', '25', 1, 0, '4', 0, 1),
(7, 354, 0, 1, 21, '1', '2018-11-06', '25', 1, 0, '1', 0, 1),
(8, 355, 0, 2, 21, '1', '2018-11-06', '25', 1, 0, '1', 0, 1),
(9, 356, 0, 2, 21, '1', '2018-11-06', '25', 1, 0, '1', 0, 2),
(10, 356, 0, 2, 21, '1', '2018-11-06', '25', 1, 0, '1', 0, 2),
(11, 356, 0, 2, 21, '1', '2018-11-06', '25', 1, 0, '1', 0, 2),
(12, 356, 0, 2, 21, '1', '2018-11-06', '25', 1, 0, '1', 0, 2),
(13, 356, 0, 2, 21, '1', '2018-11-06', '25', 1, 0, '1', 0, 2),
(14, 356, 0, 2, 21, '1', '2018-11-06', '25', 1, 0, '1', 0, 3),
(15, 364, 0, 2, 21, '1', '2018-11-06', '25', 1, 0, '1', 0, 2),
(16, 365, 0, 9, 21, '1', '2018-11-06', '25', 1, 0, '1', 0, 1),
(17, 356, 0, 3, 21, '1', '2018-11-06', '25', 1, 0, '1', 0, 1),
(18, 366, 0, 2, 21, '1', '2018-11-06', '25', 1, 0, '1', 0, 3),
(19, 367, 0, 3, 21, '1', '2018-11-06', '25', 1, 0, '1', 0, 2),
(20, 368, 0, 2, 21, '1', '2018-11-06', '25', 1, 0, '1', 0, 4),
(21, 369, 0, 3, 21, '1', '2018-11-05', '25', 1, 0, '1', 0, 3),
(22, 370, 0, 11, 21, '1', '2018-11-05', '25', 1, 0, '1', 0, 1),
(23, 371, 0, 11, 21, '1', '2018-11-05', '25', 1, 0, '1', 12, 2),
(24, 372, 0, 2, 21, '1', '2018-10-15', '25', 1, 0, '1', 0, 5),
(25, 382, 0, 18, 21, '1', '2018-11-12', '25', 1, 0, '1', 0, 1),
(26, 383, 0, 3, 21, '1', '14-11-2018', '25', 1, 0, '10734973', 0, 4),
(27, 386, 0, 1, 21, '1', '2018-11-15', '25', 1, 0, '1', 0, 2),
(30, 395, 0, 9, 21, '1', '2018-11-21', '25', 1, 0, '1', 0, 6),
(31, 396, 0, 9, 21, '1', '2018-11-23', '25', 1, 0, '0000', 0, 7),
(32, 396, 0, 9, 21, '1', '2018-11-23', '25', 1, 0, '0000', 0, 7),
(33, 398, 0, 13, 21, '1', '2018-11-29', '25', 1, 0, '3805900', 0, 1),
(35, 355, 3, 2, 21, '1', '2018-12-10', '25', 1, 1, '22221282', 0, 0),
(36, 399, 0, 3, 21, '1', '2018-12-10', '25', 1, 0, '22221282', 0, 5),
(37, 399, 0, 3, 21, '1', '2018-12-10', '25', 1, 0, '22221282', 0, 5),
(38, 401, 31, 0, 25, '1', '2018-12-17', '15', 1, 2, '464646', 0, 0),
(39, 401, 31, 0, 24, '1', '2018-12-17', '15', 1, 2, '79797979', 0, 0),
(40, 402, 0, 31, 21, '1', '2018-12-17', '25', 1, 0, '4546446', 0, 1),
(41, 402, 32, 31, 25, '1', '2018-12-17', '15', 1, 2, '464646', 0, 0),
(42, 402, 32, 31, 25, '1', '2018-12-17', '15', 1, 2, '1111', 0, 0),
(44, 403, 0, 11, 21, '1', '2019-01-02', '25', 1, 0, '5882931', 0, 3),
(45, 398, 29, 13, 25, '1', '2019-01-02', '45', 1, 2, '1', 0, 0),
(50, 401, 31, 0, 25, '1', '2019-01-15', '15', 1, 2, '123', 0, 0),
(51, 402, 32, 31, 25, '1', '2019-01-15', '15', 1, 2, '789797', 0, 0),
(52, 372, 18, 0, 25, '1', '2019-01-28', '15', 1, 2, '0001', 0, 0),
(54, 401, 31, 0, 25, '1', '2019-01-30', '15', 1, 2, '123', 0, 0),
(55, 402, 32, 0, 25, '1', '2019-01-30', '15', 1, 2, '123', 0, 0),
(57, 373, 19, 0, 25, '1', '2019-02-01', '150', 1, 2, '11991777', 0, 0),
(58, 373, 19, 0, 24, '1', '2019-02-01', '15', 1, 2, '11991777', 0, 0),
(62, 370, 16, 0, 22, '1', '2019-02-07', '15', 1, 2, '10772055', 0, 0),
(65, 370, 16, 0, 25, '1', '2019-02-14', '120', 1, 2, '11187566', 0, 0),
(66, 370, 16, 0, 24, '1', '2019-02-14', '30', 1, 2, '11187566', 0, 0),
(67, 370, 16, 0, 22, '1', '2019-02-14', '15', 1, 2, '11187566', 0, 0),
(69, 405, 0, 13, 28, '1', '2019-02-26', '50', 1, 0, '9999773', 0, 2),
(70, 370, 16, 0, 25, '1', '2019-02-27', '60', 1, 2, '2357871', 0, 0),
(72, 405, 34, 0, 25, '1', '2019-03-06', '45', 1, 2, '25072910', 0, 0),
(73, 406, 0, 15, 28, '1', '2019-03-15', '50', 1, 0, '5247234', 0, 1),
(74, 406, 35, 0, 25, '1', '2019-03-19', '120', 1, 2, '1541176', 0, 0),
(75, 406, 35, 0, 25, '1', '2019-03-20', '90', 1, 2, '31967756', 0, 0),
(76, 406, 35, 0, 24, '1', '2019-03-21', '30', 1, 2, '1715334 ', 0, 0),
(77, 406, 35, 0, 22, '1', '2019-03-22', '30', 1, 2, '0000000', 0, 0),
(78, 406, 35, 0, 25, '1', '2019-03-27', '45', 1, 2, '14189862', 0, 0),
(79, 407, 0, 2, 28, '1', '1969-08-23', '50', 1, 0, '4444444444', 0, 6),
(80, 408, 0, 31, 26, '1', '2019-04-02', '100', 1, 0, '46464646', 0, 0),
(81, 408, 37, 0, 25, '1', '2019-04-02', '45', 1, 2, '454646', 0, 0),
(84, 408, 37, 0, 22, '1', '2019-04-02', '90', 1, 2, '464646', 0, 0),
(86, 406, 35, 0, 25, '1', '2019-04-04', '30', 1, 2, '14952991', 0, 2),
(87, 406, 35, 0, 24, '1', '2019-04-04', '30', 1, 2, '14952991', 0, 2),
(89, 354, 2, 1, 28, '1', '2019-04-08', '50', 1, 1, '013962', 0, 0),
(90, 354, 2, 1, 28, '1', '2019-04-08', '50', 1, 1, '013962', 0, 0),
(91, 410, 0, 36, 28, '1', '2019-04-08', '50', 1, 0, '013962', 0, 0),
(92, 411, 0, 38, 28, '1', '2019-04-20', '50', 1, 0, '0000', 0, 0),
(93, 412, 0, 38, 28, '1', '2019-04-20', '50', 1, 0, '12345', 0, 0),
(94, 413, 0, 15, 28, '1', '2019-04-15', '50', 1, 0, '21342366', 0, 0),
(95, 414, 0, 33, 21, '1', '2019-04-15', '25', 1, 0, '23264365', 0, 0),
(96, 403, 33, 0, 24, '1', '2019-04-17', '15', 1, 2, '11245376 ', 0, 1),
(97, 403, 33, 0, 22, '1', '2019-04-17', '15', 1, 2, '11245376 ', 0, 1),
(98, 403, 33, 0, 25, '1', '2019-04-22', '30', 1, 2, '25648560 ', 0, 2),
(99, 415, 0, 38, 28, '1', '2019-04-27', '50', 1, 0, '0000', 0, 0),
(100, 416, 0, 38, 28, '1', '2019-04-26', '50', 1, 0, '0000', 0, 0),
(101, 410, 38, 0, 25, '1', '2019-04-29', '60', 1, 2, '123456', 0, 4),
(102, 403, 33, 0, 25, '1', '2019-04-29', '45', 1, 2, '26894574', 0, 3),
(103, 403, 33, 0, 25, '1', '2019-04-29', '30', 1, 2, '0000000', 0, 2),
(104, 410, 38, 0, 25, '1', '2019-05-01', '60', 1, 2, '007336 completado con saldo de poderenred $20 y st', 0, 4),
(105, 403, 33, 0, 25, '1', '2019-05-05', '150', 1, 2, '011788387', 0, 10),
(106, 417, 0, 3, 28, '1', '2019-05-15', '50', 1, 0, '0000000', 0, 0),
(107, 398, 29, 0, 25, '1', '2019-05-15', '60', 1, 2, '0000000', 0, 4),
(108, 398, 29, 0, 22, '1', '2019-05-21', '75', 1, 2, '5776944', 0, 5),
(109, 398, 29, 0, 25, '1', '2019-05-21', '45', 1, 2, '5776944', 0, 3),
(110, 410, 38, 0, 25, '1', '2019-05-28', '90', 1, 2, '9888942', 0, 6),
(112, 408, 0, 20, 21, '1', '2019-06-20', '25', 1, 0, 'dafsdfaads', 0, 0),
(113, 370, 0, 37, 26, '1', '2019-06-07', '100', 1, 0, '464646', 0, 0),
(114, 373, 0, 16, 21, '1', '2019-06-07', '25', 1, 0, 'dfasdfdsdsaf', 0, 0),
(115, 371, 0, 47, 26, '1', '2019-06-07', '100', 1, 0, 'dsfas', 0, 0),
(116, 379, 0, 49, 26, '1', '2019-06-07', '100', 1, 0, 'dsfadsfads', 0, 0),
(117, 416, 0, 25, 21, '1', '2019-06-06', '25', 1, 0, '464', 0, 0),
(118, 415, 0, 51, 21, '1', '2019-06-07', '25', 1, 0, '464614', 0, 0),
(119, 410, 0, 53, 28, '1', '2019-06-07', '60', 1, 0, '464646', 0, 0),
(120, 411, 0, 54, 28, '1', '2019-06-07', '60', 1, 0, '46464646', 0, 0),
(121, 412, 0, 55, 28, '1', '2019-06-07', '60', 1, 0, '464646', 0, 0),
(122, 413, 0, 56, 28, '1', '2019-06-07', '60', 1, 0, '46464646', 0, 0),
(123, 414, 0, 57, 28, '1', '2019-06-07', '60', 1, 0, '46446146', 0, 0),
(124, 403, 0, 58, 28, '1', '2019-06-07', '60', 1, 0, '4552221', 0, 0),
(125, 379, 0, 59, 28, '1', '2019-06-07', '60', 1, 0, '46465', 0, 0),
(126, 416, 0, 45, 28, '1', '2019-06-12', '60', 1, 0, '464646', 0, 0),
(127, 416, 0, 45, 28, '1', '2019-06-12', '60', 1, 0, 'dsfasd', 0, 0),
(128, 412, 0, 45, 28, '1', '2019-06-12', '60', 1, 0, '464646', 0, 0),
(129, 416, 0, 45, 28, '1', '2019-06-12', '60', 1, 0, '464646', 0, 0),
(130, 416, 0, 45, 28, '1', '2019-06-12', '60', 1, 0, '464646', 0, 0),
(131, 412, 0, 53, 28, '1', '2019-06-12', '60', 1, 0, '464646', 0, 0),
(132, 412, 0, 43, 28, '1', '2019-06-12', '60', 1, 0, '464646', 0, 0),
(133, 419, 0, 42, 21, '1', '2019-06-12', '25', 1, 0, '464646', 0, 0),
(134, 412, 0, 55, 28, '1', '2019-06-12', '60', 1, 0, '464646', 0, 0),
(135, 421, 0, 73, 21, '1', '2019-06-12', '100', 1, 0, '464646', 0, 0),
(136, 422, 0, 74, 21, '1', '2019-06-12', '100', 1, 0, '464646', 0, 0),
(137, 423, 0, 75, 21, '1', '2019-06-12', '100', 1, 0, '464646', 0, 0),
(138, 424, 0, 76, 21, '1', '2019-06-12', '100', 1, 0, '46464646', 0, 0),
(139, 425, 0, 77, 21, '1', '2019-06-12', '100', 1, 0, '88966532', 0, 0),
(140, 426, 0, 78, 21, '1', '2019-06-12', '100', 1, 0, '461451616', 0, 0),
(141, 425, 78, 0, 25, '1', '2019-06-12', '20', 1, 2, '4646464646', 0, 1),
(142, 425, 78, 0, 25, '1', '2019-06-12', '20', 1, 2, '4646', 0, 1),
(143, 425, 78, 0, 25, '1', '2019-06-12', '20', 1, 2, 'sdfads', 0, 1),
(144, 425, 78, 0, 25, '1', '2019-06-12', '20', 1, 2, 'fdasafdsfasd', 0, 1),
(145, 425, 78, 0, 24, '3', '2019-06-12', '20', 1, 2, 'dsafsdaf', 0, 1),
(146, 425, 78, 0, 25, '1', '2019-06-12', '20', 1, 2, 'dfsfadsf', 0, 1),
(147, 425, 78, 0, 25, '1', '2019-06-12', '20', 1, 2, '4646464646', 0, 1),
(148, 427, 0, 78, 21, '1', '2019-06-12', '100', 1, 0, '46464646', 0, 0),
(149, 354, 2, 0, 25, '1', '2019-06-19', '20', 1, 2, 'fasdfasdfasd', 0, 1),
(150, 354, 2, 0, 25, '1', '2019-06-21', '400', 0, 2, 'dsfasd', 0, 20),
(151, 429, 0, 81, 30, '1', '2019-06-30', '30', 1, 0, '46464646', 0, 0),
(152, 430, 0, 81, 30, '1', '2019-06-25', '30', 1, 0, '7464+64161', 0, 0);

-- --------------------------------------------------------

--
-- Estructura de tabla para la tabla `password_resets`
--

CREATE TABLE `password_resets` (
  `email` varchar(255) COLLATE utf8_unicode_ci NOT NULL,
  `token` varchar(255) COLLATE utf8_unicode_ci NOT NULL,
  `created_at` timestamp NOT NULL DEFAULT CURRENT_TIMESTAMP ON UPDATE CURRENT_TIMESTAMP
) ENGINE=InnoDB DEFAULT CHARSET=utf8 COLLATE=utf8_unicode_ci;

-- --------------------------------------------------------

--
-- Estructura de tabla para la tabla `pedidos`
--

CREATE TABLE `pedidos` (
  `id` int(10) NOT NULL,
  `id_user` int(10) NOT NULL,
  `id_cartilla` int(10) NOT NULL,
  `id_prod` int(10) NOT NULL,
  `fecha` varchar(20) CHARACTER SET utf8 COLLATE utf8_spanish_ci NOT NULL,
  `cantidad` int(10) NOT NULL,
  `valor` decimal(30,2) NOT NULL,
  `metodo` varchar(20) CHARACTER SET utf8 COLLATE utf8_spanish_ci NOT NULL,
  `estado` int(2) NOT NULL
) ENGINE=InnoDB DEFAULT CHARSET=latin1;

--
-- Volcado de datos para la tabla `pedidos`
--

INSERT INTO `pedidos` (`id`, `id_user`, `id_cartilla`, `id_prod`, `fecha`, `cantidad`, `valor`, `metodo`, `estado`) VALUES
(1, 402, 32, 25, '2018-12-17', 1, '15.00', '1', 0),
(2, 402, 32, 25, '2018-12-17', 1, '15.00', '1', 0),
(3, 401, 31, 25, '2018-12-17', 1, '15.00', '1', 0),
(4, 401, 31, 24, '2018-12-17', 1, '15.00', '1', 0),
(5, 401, 31, 25, '2018-12-17', 1, '15.00', '1', 0),
(6, 401, 31, 24, '2018-12-17', 1, '15.00', '1', 0),
(7, 401, 31, 24, '2018-12-17', 1, '15.00', '1', 0),
(8, 398, 29, 25, '2019-01-02', 3, '45.00', '1', 0),
(9, 402, 32, 25, '2019-01-15', 1, '15.00', '1', 0),
(10, 401, 31, 25, '2019-01-15', 1, '15.00', '1', 0),
(11, 372, 18, 25, '2019-01-28', 1, '15.00', '1', 0),
(12, 404, 0, 25, '2019-01-29', 1, '15.00', '', 0),
(13, 401, 31, 25, '2019-01-30', 1, '15.00', '1', 0),
(14, 402, 32, 25, '2019-01-30', 1, '15.00', '1', 0),
(15, 405, 0, 25, '2019-01-31', 1, '25.00', '', 0),
(16, 373, 19, 25, '2019-02-01', 6, '150.00', '1', 0),
(17, 373, 19, 24, '2019-02-01', 1, '15.00', '1', 0),
(18, 405, 0, 25, '2019-02-06', 4, '100.00', '', 0),
(19, 405, 0, 22, '2019-02-06', 1, '25.00', '', 0),
(20, 370, 16, 22, '2019-02-07', 1, '15.00', '1', 0),
(21, 370, 16, 24, '2019-02-14', 1, '30.00', '1', 0),
(22, 370, 16, 22, '2019-02-14', 1, '15.00', '1', 0),
(23, 370, 16, 25, '2019-02-14', 5, '120.00', '1', 0),
(24, 404, 0, 22, '2019-02-25', 1, '25.00', '', 0),
(25, 370, 16, 25, '2019-02-27', 2, '60.00', '1', 0),
(26, 406, 0, 0, '2019-03-05', 0, '0.00', '', 0),
(27, 405, 34, 25, '2019-03-06', 2, '45.00', '1', 0),
(28, 406, 35, 25, '2019-03-19', 5, '120.00', '1', 0),
(29, 406, 35, 25, '2019-03-20', 4, '90.00', '1', 0),
(30, 406, 35, 24, '2019-03-21', 1, '30.00', '1', 0),
(31, 406, 35, 22, '2019-03-22', 1, '30.00', '1', 0),
(32, 406, 35, 25, '2019-03-27', 2, '45.00', '1', 0),
(33, 408, 37, 25, '2019-04-02', 2, '45.00', '1', 0),
(34, 408, 37, 22, '2019-04-02', 4, '90.00', '1', 0),
(35, 406, 35, 25, '2019-04-04', 1, '30.00', '1', 0),
(36, 406, 35, 24, '2019-04-04', 1, '30.00', '1', 0),
(37, 409, 0, 0, '2019-04-08', 0, '0.00', '', 0),
(38, 403, 33, 24, '2019-04-17', 1, '15.00', '1', 0),
(39, 403, 33, 22, '2019-04-17', 1, '15.00', '1', 0),
(40, 403, 33, 25, '2019-04-22', 1, '30.00', '1', 0),
(41, 410, 38, 25, '2019-04-29', 2, '60.00', '1', 0),
(42, 403, 33, 25, '2019-04-29', 2, '45.00', '1', 0),
(43, 403, 33, 25, '2019-04-29', 1, '30.00', '1', 0),
(44, 410, 38, 25, '2019-05-01', 2, '60.00', '1', 0),
(45, 403, 33, 25, '2019-05-05', 6, '150.00', '1', 0),
(46, 398, 29, 25, '2019-05-15', 2, '60.00', '1', 0),
(47, 418, 0, 25, '2019-05-16', 2, '50.00', '', 0),
(48, 398, 29, 25, '2019-05-21', 2, '45.00', '1', 0),
(49, 398, 29, 22, '2019-05-21', 3, '75.00', '1', 0),
(50, 419, 0, 0, '2019-05-22', 0, '0.00', '', 0),
(51, 410, 38, 25, '2019-05-28', 4, '90.00', '1', 0),
(52, 418, 0, 0, '2019-06-01', 0, '0.00', '', 0),
(53, 425, 78, 25, '2019-06-12', 1, '20.00', '1', 0),
(54, 425, 78, 25, '2019-06-12', 1, '20.00', '1', 0),
(55, 425, 78, 25, '2019-06-12', 1, '20.00', '1', 0),
(56, 425, 78, 25, '2019-06-12', 1, '20.00', '1', 0),
(57, 425, 78, 24, '2019-06-12', 1, '20.00', '3', 0),
(58, 425, 78, 25, '2019-06-12', 1, '20.00', '1', 0),
(59, 425, 78, 25, '2019-06-12', 1, '20.00', '1', 0),
(60, 354, 2, 25, '2019-06-19', 1, '20.00', '1', 0);

-- --------------------------------------------------------

--
-- Estructura de tabla para la tabla `planes`
--

CREATE TABLE `planes` (
  `id` int(11) NOT NULL,
  `nombre_plan` varchar(45) DEFAULT NULL,
  `valor_plan` decimal(10,2) DEFAULT NULL,
  `descuento` int(10) NOT NULL,
  `cant_hijos` int(10) NOT NULL,
  `porcentaje1` decimal(10,2) DEFAULT NULL,
  `porcentaje2` decimal(10,2) DEFAULT NULL,
  `porcentaje3` decimal(30,2) DEFAULT NULL,
  `porcentaje4` decimal(30,2) DEFAULT NULL,
  `porcentaje5` decimal(30,2) DEFAULT NULL,
  `porcentaje_fondo` int(10) DEFAULT NULL,
  `dias_vencimiento` int(10) DEFAULT NULL,
  `estado` varchar(45) DEFAULT NULL,
  `tipo` int(2) NOT NULL,
  `avatar_plan` varchar(45) DEFAULT NULL,
  `avatar_user` varchar(100) CHARACTER SET utf8 COLLATE utf8_spanish_ci NOT NULL,
  `valor_bono` decimal(10,2) NOT NULL,
  `cant_users` int(10) NOT NULL
) ENGINE=InnoDB DEFAULT CHARSET=utf8;

--
-- Volcado de datos para la tabla `planes`
--

INSERT INTO `planes` (`id`, `nombre_plan`, `valor_plan`, `descuento`, `cant_hijos`, `porcentaje1`, `porcentaje2`, `porcentaje3`, `porcentaje4`, `porcentaje5`, `porcentaje_fondo`, `dias_vencimiento`, `estado`, `tipo`, `avatar_plan`, `avatar_user`, `valor_bono`, `cant_users`) VALUES
(21, 'JUNIOR', '100.00', 0, 10, '50.00', '30.00', '20.00', '10.00', '5.00', 0, 0, 'Activo', 1, 'economico.png', 'economico_avatar.png', '0.00', 0),
(22, 'Infusión Naranja', '30.00', 33, 0, '16.66', '16.66', '0.00', '0.00', '0.00', 0, 0, 'Activo', 0, 'infusionnaranja275.jpg', '', '6.66', 0),
(24, 'Semillas y Germinados', '30.00', 33, 0, '16.66', '16.66', '0.00', '0.00', '0.00', 0, 0, 'Activo', 0, 'semillas800.jpg', '', '6.66', 0),
(25, 'GlutaCash', '30.00', 33, 0, '50.00', '20.00', '20.00', '5.00', '5.00', 0, 0, 'Activo', 0, 'glutacash800.jpg', '', '6.66', 0),
(26, 'SENIOR', '100.00', 0, 10, '40.00', '40.00', '0.00', '0.00', '0.00', 0, 0, 'Activo', 1, 'Senior User.png', 'Líder Pack.png', '0.00', 0),
(27, 'MASTER', '500.00', 0, 10, '20.00', '20.00', '20.00', '20.00', '20.00', 0, 0, 'Activo', 1, 'Master User.png', 'Avatares Packs MASTER.png', '0.00', 0),
(28, 'LIDER', '60.00', 0, 10, '50.00', '20.00', '15.00', '10.00', '5.00', 0, 0, 'Activo', 1, 'Avatar LIDER.jpg', 'Coach Pack.png', '0.00', 0),
(29, 'fsda', '50.00', 0, 10, '5.00', '5.00', '10.00', '10.00', '10.00', 0, 0, 'Activo', 1, 'JCB_logo.svg.png', 'JCB_logo.svg.png', '0.00', 0),
(30, 'hola', '30.00', 0, 10, '20.00', '20.00', '20.00', '20.00', '20.00', 0, 15, 'Activo', 1, 'planes.jpg', 'JCB_logo.svg.png', '0.00', 0);

-- --------------------------------------------------------

--
-- Estructura de tabla para la tabla `porcentajes`
--

CREATE TABLE `porcentajes` (
  `id` int(10) NOT NULL,
  `id_plan` int(20) NOT NULL,
  `comision` decimal(30,2) NOT NULL,
  `nivel` int(10) NOT NULL,
  `tipo` int(10) NOT NULL
) ENGINE=InnoDB DEFAULT CHARSET=utf8 COLLATE=utf8_spanish_ci;

--
-- Volcado de datos para la tabla `porcentajes`
--

INSERT INTO `porcentajes` (`id`, `id_plan`, `comision`, `nivel`, `tipo`) VALUES
(22, 27, '30.00', 0, 0);

-- --------------------------------------------------------

--
-- Estructura de tabla para la tabla `red_hijos`
--

CREATE TABLE `red_hijos` (
  `id` int(11) NOT NULL,
  `id_cartilla` int(11) NOT NULL,
  `id_user` int(11) NOT NULL,
  `id_cartilla_hija` int(11) NOT NULL,
  `nivel` varchar(45) NOT NULL
) ENGINE=InnoDB DEFAULT CHARSET=utf8 ROW_FORMAT=COMPACT;

-- --------------------------------------------------------

--
-- Estructura de tabla para la tabla `solicitudes`
--

CREATE TABLE `solicitudes` (
  `id` int(11) NOT NULL,
  `id_cartilla` int(10) NOT NULL,
  `ids_comisiones` varchar(100) CHARACTER SET utf8 COLLATE utf8_spanish_ci NOT NULL,
  `valor` decimal(10,0) NOT NULL,
  `estado` int(2) NOT NULL,
  `fecha_solicitud` varchar(45) DEFAULT NULL,
  `fecha_pago` varchar(50) CHARACTER SET utf8 COLLATE utf8_spanish_ci NOT NULL
) ENGINE=InnoDB DEFAULT CHARSET=utf8 ROW_FORMAT=COMPACT;

--
-- Volcado de datos para la tabla `solicitudes`
--

INSERT INTO `solicitudes` (`id`, `id_cartilla`, `ids_comisiones`, `valor`, `estado`, `fecha_solicitud`, `fecha_pago`) VALUES
(1, 2, '2,14,17,19,20,23,24,27,32', '10', 1, '2018-11-07', '2018-11-07'),
(2, 2, '36', '10', 1, '2018-11-07', '2018-11-07'),
(3, 9, '16', '10', 1, '2018-11-07', '2018-11-07'),
(4, 9, '37,39,41', '10', 1, '2018-11-07', '2018-11-07'),
(5, 2, '38,40,42', '10', 1, '2018-11-07', '2018-11-07'),
(6, 3, '18,22,26,29,31', '0', 1, '2018-11-08', '2018-11-08'),
(7, 11, '28,30', '0', 1, '2018-11-09', '2018-11-14'),
(8, 11, '28,30', '0', 1, '2018-11-09', '2018-11-14'),
(9, 11, '28,30', '0', 1, '2018-11-09', '2018-11-14'),
(10, 11, '28,30', '0', 1, '2018-11-09', '2018-11-14'),
(11, 11, '28,30', '0', 1, '2018-11-09', '2018-11-14'),
(12, 11, '28,30', '0', 1, '2018-11-09', '2018-11-14'),
(13, 11, '28,30', '0', 1, '2018-11-09', '2018-11-14'),
(14, 11, '28,30', '0', 1, '2018-11-09', '2018-11-14'),
(15, 11, '28,30', '0', 1, '2018-11-09', '2018-11-14'),
(16, 11, '28,30', '0', 1, '2018-11-09', '2018-11-14'),
(17, 11, '28,30', '0', 1, '2018-11-09', '2018-11-14'),
(18, 11, '28,30', '0', 1, '2018-11-09', '2018-11-14'),
(19, 18, '43', '10', 1, '2018-11-14', '2018-11-20'),
(20, 2, '44,45,50,52,54', '50', 1, '2018-11-21', '2018-11-21'),
(21, 3, '49,56', '20', 1, '2018-11-21', '2018-11-21'),
(22, 11, '28,30', '20', 1, '2018-11-21', '2018-11-21'),
(23, 2, '60,63,65,67', '40', 1, '2018-11-29', '2018-11-29'),
(24, 2, '57,59', '20', 1, '2018-11-29', '2018-11-29'),
(25, 13, '68', '10', 1, '2018-11-29', '2018-11-29'),
(26, 3, '66,69', '20', 1, '2018-11-29', '2018-12-04'),
(27, 9, '58,62,64', '30', 1, '2018-12-05', '2018-12-05'),
(28, 3, '73', '10', 1, '2018-12-14', '2018-12-14'),
(29, 2, '71,74,78,81,83,88,92,96', '80', 1, '2019-01-11', '2019-01-11'),
(30, 3, '80,82,85,87,91,95,98', '75', 1, '2019-01-11', '2019-01-11'),
(31, 11, '84', '10', 1, '2019-01-11', '2019-01-11'),
(32, 13, '86,97', '25', 1, '2019-01-11', '2019-01-11'),
(33, 3, '99', '10', 1, '2019-01-15', '2019-01-15'),
(34, 2, '100', '10', 1, '2019-01-16', '2019-01-21'),
(35, 3, '102', '10', 1, '2019-01-22', '2019-01-23'),
(36, 12, '35', '10', 1, '2019-01-29', '2019-01-30'),
(37, 12, '35', '10', 1, '2019-01-29', '2019-01-30'),
(38, 3, '112', '10', 1, '2019-02-01', '2019-02-02'),
(39, 2, '103,105,123', '25', 1, '2019-02-04', '2019-02-04'),
(40, 12, '116,120,122', '65', 1, '2019-02-04', '2019-02-04'),
(41, 2, '109,113,114,117,121,124', '100', 1, '2019-02-05', '2019-02-06'),
(42, 3, '107,127', '20', 1, '2019-02-07', '2019-02-07'),
(43, 11, '126', '10', 1, '2019-02-07', '2019-02-07'),
(44, 3, '130', '5', 1, '2019-02-08', '2019-02-12'),
(45, 2, '132,135', '20', 1, '2019-02-12', '2019-02-12'),
(46, 11, '129,145,147,149', '60', 1, '2019-02-15', '2019-02-15'),
(47, 3, '134,139,143,146,148,150', '95', 1, '2019-02-15', '2019-02-15'),
(48, 2, '137,140,144', '50', 1, '2019-02-18', '2019-02-18'),
(49, 3, '151,153,158', '50', 1, '2019-02-27', '2019-02-27'),
(50, 3, '160', '20', 1, '2019-03-01', '2019-03-01'),
(51, 11, '159', '20', 1, '2019-03-01', '2019-03-01'),
(52, 3, '164', '15', 1, '2019-03-08', '2019-03-11'),
(53, 13, '157,163', '35', 1, '2019-03-11', '2019-03-12'),
(54, 2, '152,156', '40', 1, '2019-03-12', '2019-03-12'),
(55, 15, '172', '20', 1, '2019-03-15', '2019-03-15'),
(56, 3, '168,171', '40', 1, '2019-03-15', '2019-03-15'),
(57, 2, '166,169', '40', 1, '2019-03-15', '2019-03-15'),
(58, 3, '175,177', '80', 1, '2019-03-20', '2019-03-21'),
(59, 15, '176', '40', 1, '2019-03-20', '2019-03-21'),
(60, 15, '180,184', '40', 1, '2019-03-21', '2019-03-25'),
(61, 3, '179,181,183,185', '80', 1, '2019-03-21', '2019-03-21'),
(62, 3, '187', '10', 1, '2019-03-25', '2019-03-28'),
(63, 15, '188', '10', 1, '2019-03-25', '2019-03-28'),
(64, 3, '191', '15', 1, '2019-03-28', '2019-03-28'),
(65, 15, '192', '15', 1, '2019-03-28', '2019-03-28'),
(66, 9, '155', '20', 1, '2019-04-04', '2019-04-04'),
(67, 15, '209,213', '20', 1, '2019-04-05', '2019-04-10'),
(68, 3, '212,214', '20', 1, '2019-04-05', '2019-04-10'),
(69, 2, '195,202', '30', 1, '2019-04-08', '2019-04-08'),
(70, 3, '222,225', '30', 1, '2019-04-12', '2019-04-12'),
(71, 11, '224', '10', 1, '2019-04-12', '2019-04-12'),
(72, 3, '226', '20', 1, '2019-04-12', '2019-04-15'),
(73, 2, '219,220,223', '60', 1, '2019-04-13', '2019-04-15'),
(74, 36, '218', '20', 1, '2019-04-15', '2019-04-15'),
(75, 2, '227', '20', 1, '2019-04-15', '2019-04-15'),
(76, 11, '235', '10', 1, '2019-04-15', '2019-04-16'),
(77, 3, '233', '20', 1, '2019-04-15', '2019-04-16'),
(78, 3, '237,239', '10', 1, '2019-04-22', '2019-04-22'),
(79, 11, '236,238', '10', 1, '2019-04-22', '2019-04-22'),
(80, 3, '241', '10', 1, '2019-04-22', '2019-04-22'),
(81, 11, '240', '10', 1, '2019-04-22', '2019-04-22'),
(82, 15, '232', '20', 1, '2019-04-23', '2019-04-23'),
(83, 38, '228,230', '40', 1, '2019-04-24', '2019-04-24'),
(84, 36, '229,231,243', '60', 1, '2019-04-24', '2019-04-24'),
(85, 38, '242,244', '40', 1, '2019-04-29', '2019-04-29'),
(86, 36, '245', '20', 1, '2019-04-29', '2019-04-29'),
(87, 3, '249', '15', 1, '2019-04-29', '2019-04-29'),
(88, 11, '248', '15', 1, '2019-04-29', '2019-04-29'),
(89, 3, '251', '10', 1, '2019-04-29', '2019-04-30'),
(90, 11, '250', '10', 1, '2019-04-29', '2019-04-30'),
(91, 2, '247', '20', 1, '2019-05-01', '2019-05-01'),
(92, 36, '246', '20', 1, '2019-05-01', '2019-05-01'),
(93, 11, '254', '50', 1, '2019-05-05', '2019-05-06'),
(94, 3, '255', '50', 1, '2019-05-05', '2019-05-13'),
(95, 2, '253', '20', 1, '2019-05-10', '2019-05-13'),
(96, 13, '170', '20', 1, '2019-05-13', '2019-05-15'),
(97, 2, '257,260,262', '60', 1, '2019-05-15', '2019-05-15'),
(98, 3, '259,261,263,266', '70', 1, '2019-05-15', '2019-05-16'),
(99, 3, '268', '20', 1, '2019-05-19', '2019-05-22'),
(100, 13, '265,267', '30', 1, '2019-05-19', '2019-05-22'),
(101, 2, '264', '20', 1, '2019-05-22', '2019-05-22'),
(102, 36, '252', '20', 1, '2019-05-22', '2019-05-22'),
(103, 13, '269,271', '40', 1, '2019-05-22', '2019-05-23'),
(104, 3, '270,272', '40', 1, '2019-05-22', '2019-05-23'),
(105, 2, '275', '20', 1, '2019-05-23', '2019-05-23'),
(106, 2, '278', '20', 1, '2019-05-28', '2019-05-29'),
(107, 36, '277', '20', 1, '2019-05-28', '2019-05-29');

-- --------------------------------------------------------

--
-- Estructura de tabla para la tabla `tipos_usuario`
--

CREATE TABLE `tipos_usuario` (
  `id` int(10) UNSIGNED NOT NULL,
  `nombre` varchar(20) COLLATE utf8_unicode_ci NOT NULL,
  `created_at` timestamp NULL DEFAULT NULL,
  `updated_at` timestamp NULL DEFAULT NULL
) ENGINE=InnoDB DEFAULT CHARSET=utf8 COLLATE=utf8_unicode_ci;

--
-- Volcado de datos para la tabla `tipos_usuario`
--

INSERT INTO `tipos_usuario` (`id`, `nombre`, `created_at`, `updated_at`) VALUES
(1, 'ADMINISTRADOR', NULL, NULL),
(2, 'STANDARD', NULL, NULL);

-- --------------------------------------------------------

--
-- Estructura de tabla para la tabla `users`
--

CREATE TABLE `users` (
  `id` int(10) UNSIGNED NOT NULL,
  `user` varchar(15) CHARACTER SET utf8 COLLATE utf8_spanish_ci NOT NULL,
  `name` varchar(100) COLLATE utf8_unicode_ci NOT NULL,
  `email` varchar(255) COLLATE utf8_unicode_ci NOT NULL,
  `password` varchar(255) COLLATE utf8_unicode_ci NOT NULL,
  `tipoDocumento` varchar(255) COLLATE utf8_unicode_ci NOT NULL,
  `cc` varchar(255) COLLATE utf8_unicode_ci NOT NULL,
  `nacimiento` varchar(255) COLLATE utf8_unicode_ci DEFAULT NULL,
  `fechaInscripcion` varchar(255) COLLATE utf8_unicode_ci NOT NULL,
  `telefono` varchar(255) COLLATE utf8_unicode_ci DEFAULT NULL,
  `celular` varchar(255) COLLATE utf8_unicode_ci DEFAULT NULL,
  `direccion` varchar(255) COLLATE utf8_unicode_ci DEFAULT NULL,
  `ciudad` varchar(255) COLLATE utf8_unicode_ci DEFAULT NULL,
  `provincia` varchar(255) COLLATE utf8_unicode_ci DEFAULT NULL,
  `pais` varchar(255) COLLATE utf8_unicode_ci DEFAULT NULL,
  `rol` varchar(255) COLLATE utf8_unicode_ci NOT NULL,
  `avatar` varchar(255) COLLATE utf8_unicode_ci DEFAULT NULL,
  `remember_token` varchar(100) COLLATE utf8_unicode_ci DEFAULT NULL,
  `created_at` varchar(11) COLLATE utf8_unicode_ci DEFAULT NULL,
  `updated_at` varchar(11) COLLATE utf8_unicode_ci DEFAULT NULL,
  `tipoUsuario` varchar(11) COLLATE utf8_unicode_ci DEFAULT NULL
) ENGINE=InnoDB DEFAULT CHARSET=utf8 COLLATE=utf8_unicode_ci;

--
-- Volcado de datos para la tabla `users`
--

INSERT INTO `users` (`id`, `user`, `name`, `email`, `password`, `tipoDocumento`, `cc`, `nacimiento`, `fechaInscripcion`, `telefono`, `celular`, `direccion`, `ciudad`, `provincia`, `pais`, `rol`, `avatar`, `remember_token`, `created_at`, `updated_at`, `tipoUsuario`) VALUES
(343, 'MASTERCASH', 'Plan Maestro', 'registrowt@gmail.com', 'c4ca4238a0b923820dcc509a6f75849b', 'CI', '0000000000', '', '31/October/2018', '032828982', '0995371121', 'Cevallos y Eloy Alfaro', 'Ambato', 'Tungurahua', 'Ecuador', 'admin', '', '', '', '', ''),
(354, 'PODERENRED', 'Joselo Lojano Quiroga', 'joselo-2010@hotmail.com', 'c4ca4238a0b923820dcc509a6f75849b', 'CI', '1900382639', '', '2/November/2018', '', '', '', '', '', '', 'standard', '', '', '', '', ''),
(355, 'MARIELALO', 'Mariela Lojano', 'marielalojanocherman@hotmail.com', 'eb5a790b34e06e2ce3346fa2ca5d6abb', 'CI', '1400395719', '', '2/November/2018', '', '', '', '', '', '', 'standard', '', '', '', '', ''),
(356, 'CAMPEÓN1', 'Félix Lojano', 'fslojano@hotmail.com', 'eb5a790b34e06e2ce3346fa2ca5d6abb', 'CI', '1900318302', '', '2/November/2018', '', '', '', '', '', '', 'standard', '', '', '', '', ''),
(364, 'KATYAN', 'Katy Marilú Andrade Nieto', 'sra.katy.16@hotmail.com', '11590d98a6dec2f77b591cdc45f34c40', 'CI', '1400395719', '', '6/November/2018', '', '', '', '', '', '', 'standard', '', '', '', '', ''),
(365, 'ROXANAAZ', 'Roxana Azogue', 'roxanaazogue2018@gmail.com', '50ade73b84216d76f224a2066c017a87', 'CI', '1600642738', '', '6/November/2018', '', '', '', '', '', '', 'standard', '', '', '', '', ''),
(366, 'ALVIVIANA', 'VIVIANA BEATRIZ ALVARADO ', 'joselo-2010@hotmail.com', 'db0316ae09d67d9b9fdd74f9c1975f61', 'CI', ' 2200191969 ', '', '6/November/2018', '', '', '', '', '', '', 'standard', '', '', '', '', ''),
(367, 'CRISTINAM', 'Cristina Mero', 'marielalojanocherman@hotmail.com', 'dba32d19cca05f33979f5688494e3dc6', 'CI', '1900318302', '', '6/November/2018', '', '', '', '', '', '', 'standard', '', '', '', '', ''),
(368, 'GRACI', 'Elizabeth Segovia', 'graseg1985@hotmail.com', 'e259119eeb234c2fc84a8fd2ff19ba29', 'CI', '1400509426', '', '6/November/2018', '', '', '', '', '', '', '', '', '', '', '', ''),
(369, 'JOHANASE', 'Melba Johana Segovia Borboy', 'marielalojanocherman@hotmail.com', 'eb5a790b34e06e2ce3346fa2ca5d6abb', 'CI', '0916383284', '', '7/November/2018', '', '', '', '', '', '', '', '', '', '', '', ''),
(370, 'AMANDALO', 'Amanda Ofelia Lojano Quiroga', 'marielalojanocherman@hotmail.com', 'eb5a790b34e06e2ce3346fa2ca5d6abb', 'CI', '1900599612', '', '7/November/2018', '', '', '', '', '', '', '', '', '', '', '', ''),
(371, 'VICENTEC', 'Vicente Nahon Calderón', 'fslojano@hotmail.com', '8878278a6c7bfaac9b53507a8823d5db', 'CI', '1751372390', '', '7/November/2018', '', '', '', '', '', '', '', '', '', '', '', ''),
(372, 'WINNERTEAM', 'Hernán Mera', 'teamwealthtree@gmail.com', 'a8e7920d7413ae423de30f9a37a6128d', 'CI', '180360845-2', '', '7/November/2018', '2828982', '0995371121', 'Cevallos y Eloy Alfaro', 'Ambato', 'Tungurahua', 'Ecuador', 'standard', '', '', '', '', ''),
(373, 'EXITOSA2020', 'LAURA CASTILLO', 'juanlojano2020@hotmail.com', '1e64149539bcc13abae915834bdbadcb', 'CI', '160035391 ', '', '7/November/2018', '', '', '', '', '', '', 'standard', '', '', '', '', ''),
(377, 'ECARVAJAL', 'EDMUNDO CARVAJAL', 'sra.katy.16@hotmail.com', 'a0af6b57e36181e9b1443f9a3d071ae9', 'CI', '0000', '', '7/November/2018', '', '', '', '', '', '', 'standard', '', '', '', '', ''),
(379, 'PRODRIGUEZ', 'Patricia Rodriguez', 'sra.katy.16@hotmail.com', '532e3336a0e9b0bd7d521a8cd6fef4f8', 'CI', '0000', '', '7/November/2018', '', '', '', '', '', '', 'standard', '', '', '', '', ''),
(381, 'ARODRIGUEZ', 'Anita Rodriguez', 'sra.katy.16@hotmail.com', '8d955f17fc1f2f2b521e6eac25899788', 'CI', '0000', '', '7/November/2018', '', '', '', '', '', '', 'standard', '', '', '', '', ''),
(382, 'EDUARDOV', 'Angel Eduardo Veintimilla Ochoa', 'angelveintimilla1966@gmail.com', '562cb172b35217d8932a5e58e6920684', 'CI', '0911763266', '', '12/November/2018', '', '', '', '', '', '', '', '', '', '', '', ''),
(383, 'Noraochoa', 'Nora Ester Ochoa Samaniego ', 'ochoanoraa@gmail.com', '6ec44ed4448271c4cd31f2a81591e06b', 'CI', '0703473983', '', '14/November/2018', '', '', '', '', '', '', 'standard', '', '', '', '', ''),
(386, 'MONEYMASTER', 'Pamela Chugcho Mera', 'pamelamera30@gmail.com', '2cab9c86f5d770e0f3b57a8d3b266637', 'CI', '1722241914', '', '15/November/2018', '', '', '', '', '', '', '', '', '', '', '', ''),
(387, 'DIANAMINCHALA', 'DIANA MINCHALA', 'sra.katy.16@hotmail.com', '8282a0fd0a6554154a254f12c73f27cf', 'CI', '1400469589', '', '21/November/2018', '', '', '', '', '', '', '', '', '', '', '', ''),
(395, 'KARLAM', 'Karla Elizabeth Maldonado Molleturo', 'karlaeliza2008@hotmail.com', '67f399deae6842560a7f6d38c9b4f333', 'CI', '0104249248', '', '22/November/2018', '', '0939170273', '', 'Cuenca', '', 'Ecuador', '', '', '', '', '', ''),
(396, 'Maclovia', 'Maclovia', 'sra.katy.16@hotmail.com', '28aae290377cc7949d2e234e9fb0ef2a', 'CI', '1400719094', '', '23/November/2018', '', '', '', '', '', '', '', '', '', '', '', ''),
(398, 'Luisamero', 'Luisa Elisabeth Mero López ', 'marielalojanocherman@hotmail.com', 'eb5a790b34e06e2ce3346fa2ca5d6abb', 'CI', '0802091892', '', '29/November/2018', '', '', '', '', '', '', '', '', '', '', '', ''),
(399, 'Salcantira9cond', 'Bernardo Bolívar Díaz Tandazo', 'bolito9diaz@hotmail.com', '0fc8bed2db6c4ff9ef0d21f995fb953d', 'CI', '0700474190', '', '10/December/2018', '', '0984665562', '', 'Quito', 'Pichincha', 'Ecuador', '', '', '', '', '', ''),
(401, 'julian', 'Julian', 'lupaproyectos@gmail.com', 'c4ca4238a0b923820dcc509a6f75849b', 'CI', '94506022', '2018-12-04', '17/December/2018', '', '', '', '', '', '', 'standard', '', '', '', '', ''),
(402, 'Carlos456', 'Carlos Prueba', 'lupaproyectos@gmail.com', 'c4ca4238a0b923820dcc509a6f75849b', 'CI', '446446', '', '17/December/2018', '', '', '', '', '', '', 'standard', '', '', '', '', ''),
(403, 'DARWINIZA', 'Darwin Rene Iza Moreno', 'marielalojanocherman@hotmail.com', 'eb5a790b34e06e2ce3346fa2ca5d6abb', 'CI', '0503998767', '', '2/January/2019', '', '', '', '', '', '', 'standard', '', '', '', '', ''),
(405, 'JESSICACHUNGATA', 'JESSICA DOLORES CHUNGATA PELAEZ ', 'jeccacp@hotmail.com', '54ef2fd39dfd4fc34f292b84aae49fa4', 'CI', '0914402698', '', '26/February/2019', '', '', '', '', '', '', 'standard', '', '', '', '', ''),
(406, 'Marthasillo', 'Martha Margoth Sillo Alomoto ', 'marielalojanocherman@hotmail.com', 'eb5a790b34e06e2ce3346fa2ca5d6abb', 'CI', '1705794947', '', '15/March/2019', '', '', '', '', '', '', 'standard', '', '', '', '', ''),
(407, 'STALINSALVADOR', 'STALIN SALVADOR  CHAMBA ARMIJOS', 'lojanojoselito2019@gmail.com', 'db0316ae09d67d9b9fdd74f9c1975f61', 'CI', '1900240225', '', '1/April/2019', '', '', '', '', '', '', 'standard', '', '', '', '', ''),
(408, 'julian2', 'julian', 'lupaproyectos@gmail.com', '18b5c5b11265d20224aa1a0f249a0d50', 'CI', '464649646496', '', '2/April/2019', '', '', '', '', '', '', 'standard', '', '', '', '', ''),
(410, 'MARIAPAQUI', 'MARIA PAQUI CHALAN', 'lojanojoselito2019@gmail.com', '6ec190895e347f3148a9626aab3d47a4', 'CI', '1900285436', '', '8/April/2019', '', '', '', '', '', '', 'standard', '', '', '', '', ''),
(411, 'luzpaqui', 'LUZ MARGARITA PAQUI ', 'juanlojano2020@hotmail.com', '5f9dc578e58fa249abde167d1d0dd874', 'CI', '1103587224', '', '13/April/2019', '', '', '', '', '', '', 'standard', '', '', '', '', ''),
(412, 'laurazhondo', 'LAURA ZOILA ZHONDO', 'lojanojoselito2019@gmail.com', '3413c1bec9a403364f5f5abbea698818', 'CI', '1900429315', '', '15/April/2019', '', '', '', '', '', '', 'standard', '', '', '', '', ''),
(413, 'Eduardoaguilar ', 'Edwin Eduardo Aguilar Jines ', 'aguilaredwinquito@yahoo.es', '8a99ee40e43e625e2380f316fa33e1de', 'CI', '1706795315', '', '15/April/2019', '', '', '', '', '', '', 'standard', '', '', '', '', ''),
(414, 'Franciscosalaza', 'Juan Francisco Salazar Yandun ', 'juansalazar1718@hotmail.com', 'd02c261e542024786965459da5da864f', 'CI', '1718318379', '', '15/April/2019', '', '', '', '', '', '', 'standard', '', '', '', '', ''),
(415, 'rosaguaman', 'ROSA VALVINA GUAMAN', 'juanlojano2020@hotmail.com', '368f7f656e89370e6b6dc30d252a66ac', 'CE', '1102879531', '', '24/April/2019', '', '', '', '', '', '', 'standard', '', '', '', '', ''),
(416, 'carmenguaman', 'MARIA CARMEN GUAMAN', 'juanlojano2020@hotmail.com', 'ee7e6953c532a5c4d27e9d3effa257f7', 'CE', '1900489947', '', '24/April/2019', '', '', '', '', '', '', 'standard', '', '', '', '', ''),
(417, 'ANABENAVIDES ', 'ANA BENAVIDES ', 'marielalojanocherman@hotmail.com', 'eb5a790b34e06e2ce3346fa2ca5d6abb', 'CI', '0503253098 ', '', '15/May/2019', '', '', '', '', '', '', 'standard', '', '', '', '', ''),
(419, 'testcomigual', 'fadsfasd', 'lupaproyectos@gmail.com', 'c388d56447bdce8da50b130335ced940', 'CI', '464649646496', '2019-06-20', '6/June/2019', '3158467057', '3158467057', 'Carrera 31 #9c-66', 'Cali', 'VALLE DEL CAUCA', 'Colombia', 'standard', '', '', '', '', ''),
(420, 'prueba1', 'prueba1', 'lupaproyectos@gmail.com', 'ff9315b27797d1852068a659421d19d0', 'CI', '45464666', '2019-06-18', '12/June/2019', '', '', 'Carrera 31 #9c-66', 'Cali', 'VALLE DEL CAUCA', 'Colombia', 'standard', '', '', '', '', ''),
(421, 'prueba2', 'prueba2', '123', '4f8730020ec9b796117303c3a9591f35', 'CI', '464646464', '', '12/June/2019', '', '', '', '', '', '', 'standard', '', '', '', '', ''),
(422, 'prueba3', 'pruba3', 'lupaproyectos@gmail.com', '10ffa5723c8ad9ea9995985e23ad53ff', 'CI', '555566633', '', '12/June/2019', '', '', '', '', '', '', 'standard', '', '', '', '', ''),
(423, 'prueba4', 'prueba4', 'lupaproyectos@gmail.com', '92f8206c6ac0551646e9e1017e844f82', 'CI', '46446222136', '', '12/June/2019', '', '', '', '', '', '', 'standard', '', '', '', '', ''),
(424, 'prueba5', 'prueba5', 'lupaproyectos@gmail.com', 'd26d2acd1757268c167e03af7334c425', 'CI', '1233664455', '', '12/June/2019', '', '', '', '', '', '', 'standard', '', '', '', '', ''),
(425, 'prueba6', 'prueba6', 'lupaproyectos@gmail.com', 'c4ca4238a0b923820dcc509a6f75849b', 'CI', '789966614113', '', '12/June/2019', '', '', '', '', '', '', 'standard', '', '', '', '', ''),
(426, 'prueba7', 'prueba7', 'andrea@lupaweb.com', '61580dd397f2a8a1c31a0fbc3e2b93b1', 'CI', '464649*94123136', '', '12/June/2019', '', '', '', '', '', '', 'standard', '', '', '', '', ''),
(427, 'prueba9', 'prueba9', 'andrea@lupaweb.com', 'e4876ae7ac4325d47fe39f9b550bb3e0', 'CI', '464646446', '', '13/June/2019', '', '', '', '', '', '', 'standard', '', '', '', '', ''),
(428, 'prueba dias', 'pruebadias', 'lupaproyectos@gmail.com', '826b27f0c4c1daf3e6ff6484cc1c21ea', 'CI', '46464646', '2019-06-20', '26/June/2019', '', '', 'Carrera 31 #9c-66', 'Cali', 'VALLE DEL CAUCA', 'Colombia', 'standard', '', '', '', '', ''),
(429, 'pruebadias2', 'pruebadias2', 'lupaproyectos@gmail.com', '82e5c2bb8c075b25286ae21f5d9596ba', 'CI', '97461613163', '', '26/June/2019', '', '', '', '', '', '', 'standard', '', '', '', '', ''),
(430, 'pruebasdias3', 'pruebas dias 3', 'lupaproyectos@gmail.com', '9432f053c9ddd5bf72bc77baa1234b0f', 'CI', '646441616161', '', '26/June/2019', '', '', '', '', '', '', 'standard', '', '', '', '', '');

--
-- Índices para tablas volcadas
--

--
-- Indices de la tabla `ajustes`
--
ALTER TABLE `ajustes`
  ADD PRIMARY KEY (`idajustes`);

--
-- Indices de la tabla `bonos`
--
ALTER TABLE `bonos`
  ADD PRIMARY KEY (`idbonos`);

--
-- Indices de la tabla `cartillas`
--
ALTER TABLE `cartillas`
  ADD PRIMARY KEY (`id`);

--
-- Indices de la tabla `comisiones`
--
ALTER TABLE `comisiones`
  ADD PRIMARY KEY (`id`);

--
-- Indices de la tabla `crypto_payments`
--
ALTER TABLE `crypto_payments`
  ADD PRIMARY KEY (`paymentID`),
  ADD UNIQUE KEY `key3` (`boxID`,`orderID`,`userID`,`txID`,`amount`,`addr`),
  ADD KEY `boxID` (`boxID`),
  ADD KEY `boxType` (`boxType`),
  ADD KEY `userID` (`userID`),
  ADD KEY `countryID` (`countryID`),
  ADD KEY `orderID` (`orderID`),
  ADD KEY `amount` (`amount`),
  ADD KEY `amountUSD` (`amountUSD`),
  ADD KEY `coinLabel` (`coinLabel`),
  ADD KEY `unrecognised` (`unrecognised`),
  ADD KEY `addr` (`addr`),
  ADD KEY `txID` (`txID`),
  ADD KEY `txDate` (`txDate`),
  ADD KEY `txConfirmed` (`txConfirmed`),
  ADD KEY `txCheckDate` (`txCheckDate`),
  ADD KEY `processed` (`processed`),
  ADD KEY `processedDate` (`processedDate`),
  ADD KEY `recordCreated` (`recordCreated`),
  ADD KEY `key1` (`boxID`,`orderID`),
  ADD KEY `key2` (`boxID`,`orderID`,`userID`);

--
-- Indices de la tabla `metodopago`
--
ALTER TABLE `metodopago`
  ADD PRIMARY KEY (`idMetodoPago`);

--
-- Indices de la tabla `options`
--
ALTER TABLE `options`
  ADD PRIMARY KEY (`id`);

--
-- Indices de la tabla `padres`
--
ALTER TABLE `padres`
  ADD PRIMARY KEY (`id`);

--
-- Indices de la tabla `pagos`
--
ALTER TABLE `pagos`
  ADD PRIMARY KEY (`id`);

--
-- Indices de la tabla `password_resets`
--
ALTER TABLE `password_resets`
  ADD KEY `password_resets_email_index` (`email`),
  ADD KEY `password_resets_token_index` (`token`);

--
-- Indices de la tabla `pedidos`
--
ALTER TABLE `pedidos`
  ADD PRIMARY KEY (`id`);

--
-- Indices de la tabla `planes`
--
ALTER TABLE `planes`
  ADD PRIMARY KEY (`id`);

--
-- Indices de la tabla `porcentajes`
--
ALTER TABLE `porcentajes`
  ADD PRIMARY KEY (`id`);

--
-- Indices de la tabla `red_hijos`
--
ALTER TABLE `red_hijos`
  ADD PRIMARY KEY (`id`);

--
-- Indices de la tabla `solicitudes`
--
ALTER TABLE `solicitudes`
  ADD PRIMARY KEY (`id`);

--
-- Indices de la tabla `tipos_usuario`
--
ALTER TABLE `tipos_usuario`
  ADD PRIMARY KEY (`id`);

--
-- Indices de la tabla `users`
--
ALTER TABLE `users`
  ADD PRIMARY KEY (`id`),
  ADD UNIQUE KEY `id` (`id`),
  ADD UNIQUE KEY `user` (`user`);

--
-- AUTO_INCREMENT de las tablas volcadas
--

--
-- AUTO_INCREMENT de la tabla `ajustes`
--
ALTER TABLE `ajustes`
  MODIFY `idajustes` int(11) NOT NULL AUTO_INCREMENT;

--
-- AUTO_INCREMENT de la tabla `bonos`
--
ALTER TABLE `bonos`
  MODIFY `idbonos` int(11) NOT NULL AUTO_INCREMENT, AUTO_INCREMENT=2;

--
-- AUTO_INCREMENT de la tabla `cartillas`
--
ALTER TABLE `cartillas`
  MODIFY `id` int(11) NOT NULL AUTO_INCREMENT, AUTO_INCREMENT=84;

--
-- AUTO_INCREMENT de la tabla `comisiones`
--
ALTER TABLE `comisiones`
  MODIFY `id` int(11) NOT NULL AUTO_INCREMENT, AUTO_INCREMENT=511;

--
-- AUTO_INCREMENT de la tabla `crypto_payments`
--
ALTER TABLE `crypto_payments`
  MODIFY `paymentID` int(11) UNSIGNED NOT NULL AUTO_INCREMENT;

--
-- AUTO_INCREMENT de la tabla `metodopago`
--
ALTER TABLE `metodopago`
  MODIFY `idMetodoPago` int(11) NOT NULL AUTO_INCREMENT;

--
-- AUTO_INCREMENT de la tabla `options`
--
ALTER TABLE `options`
  MODIFY `id` int(10) NOT NULL AUTO_INCREMENT, AUTO_INCREMENT=3;

--
-- AUTO_INCREMENT de la tabla `padres`
--
ALTER TABLE `padres`
  MODIFY `id` int(20) NOT NULL AUTO_INCREMENT, AUTO_INCREMENT=237;

--
-- AUTO_INCREMENT de la tabla `pagos`
--
ALTER TABLE `pagos`
  MODIFY `id` int(11) NOT NULL AUTO_INCREMENT, AUTO_INCREMENT=153;

--
-- AUTO_INCREMENT de la tabla `pedidos`
--
ALTER TABLE `pedidos`
  MODIFY `id` int(10) NOT NULL AUTO_INCREMENT, AUTO_INCREMENT=61;

--
-- AUTO_INCREMENT de la tabla `planes`
--
ALTER TABLE `planes`
  MODIFY `id` int(11) NOT NULL AUTO_INCREMENT, AUTO_INCREMENT=31;

--
-- AUTO_INCREMENT de la tabla `porcentajes`
--
ALTER TABLE `porcentajes`
  MODIFY `id` int(10) NOT NULL AUTO_INCREMENT, AUTO_INCREMENT=23;

--
-- AUTO_INCREMENT de la tabla `red_hijos`
--
ALTER TABLE `red_hijos`
  MODIFY `id` int(11) NOT NULL AUTO_INCREMENT;

--
-- AUTO_INCREMENT de la tabla `solicitudes`
--
ALTER TABLE `solicitudes`
  MODIFY `id` int(11) NOT NULL AUTO_INCREMENT, AUTO_INCREMENT=108;

--
-- AUTO_INCREMENT de la tabla `tipos_usuario`
--
ALTER TABLE `tipos_usuario`
  MODIFY `id` int(10) UNSIGNED NOT NULL AUTO_INCREMENT, AUTO_INCREMENT=3;

--
-- AUTO_INCREMENT de la tabla `users`
--
ALTER TABLE `users`
  MODIFY `id` int(10) UNSIGNED NOT NULL AUTO_INCREMENT, AUTO_INCREMENT=431;
COMMIT;

/*!40101 SET CHARACTER_SET_CLIENT=@OLD_CHARACTER_SET_CLIENT */;
/*!40101 SET CHARACTER_SET_RESULTS=@OLD_CHARACTER_SET_RESULTS */;
/*!40101 SET COLLATION_CONNECTION=@OLD_COLLATION_CONNECTION */;
